Month,Month Name,Year,Overall,Total economically active,Total in employment,Unemployed,Economically inactive,Economic activity %,Employment %,Unemployment %,Economic inactivity %,Year and Month
1,Jan,1971,16561000,15746000,15247000,499000,815000,0.951,0.921,0.032,0.049,01-Jan-71
2,Feb,1971,16566000,15738000,15224000,514000,828000,0.95,0.919,0.033,0.05,01-Feb-71
3,Mar,1971,16571000,15741000,15206000,535000,829000,0.95,0.918,0.034,0.05,01-Mar-71
4,Apr,1971,16576000,15758000,15203000,555000,818000,0.951,0.917,0.035,0.049,01-Apr-71
5,May,1971,16580000,15755000,15185000,570000,825000,0.95,0.916,0.036,0.05,01-May-71
6,Jun,1971,16585000,15741000,15164000,576000,845000,0.949,0.914,0.037,0.051,01-Jun-71
7,Jul,1971,16588000,15717000,15134000,583000,871000,0.947,0.912,0.037,0.053,01-Jul-71
8,Aug,1971,16591000,15698000,15104000,594000,893000,0.946,0.91,0.038,0.054,01-Aug-71
9,Sep,1971,16594000,15686000,15074000,612000,907000,0.945,0.908,0.039,0.055,01-Sep-71
10,Oct,1971,16597000,15702000,15074000,628000,895000,0.946,0.908,0.04,0.054,01-Oct-71
11,Nov,1972,16600000,15713000,15075000,637000,887000,0.947,0.908,0.041,0.053,01-Nov-72
12,Dec,1972,16602000,15739000,15096000,643000,864000,0.948,0.909,0.041,0.052,01-Dec-72
1,Jan,1972,16605000,15766000,15119000,648000,839000,0.949,0.91,0.041,0.051,01-Jan-72
2,Feb,1972,16608000,15789000,15137000,652000,819000,0.951,0.911,0.041,0.049,01-Feb-72
3,Mar,1972,16611000,15782000,15137000,645000,829000,0.95,0.911,0.041,0.05,01-Mar-72
4,Apr,1972,16614000,15759000,15128000,630000,855000,0.949,0.911,0.04,0.051,01-Apr-72
5,May,1972,16617000,15733000,15119000,614000,883000,0.947,0.91,0.039,0.053,01-May-72
6,Jun,1972,16620000,15721000,15119000,602000,899000,0.946,0.91,0.038,0.054,01-Jun-72
7,Jul,1972,16623000,15727000,15130000,597000,896000,0.946,0.91,0.038,0.054,01-Jul-72
8,Aug,1972,16626000,15730000,15141000,590000,896000,0.946,0.911,0.037,0.054,01-Aug-72
9,Sep,1972,16630000,15741000,15159000,582000,889000,0.947,0.912,0.037,0.053,01-Sep-72
10,Oct,1972,16633000,15738000,15171000,567000,895000,0.946,0.912,0.036,0.054,01-Oct-72
11,Nov,1973,16636000,15750000,15202000,548000,886000,0.947,0.914,0.035,0.053,01-Nov-73
12,Dec,1973,16640000,15760000,15234000,526000,880000,0.947,0.916,0.033,0.053,01-Dec-73
1,Jan,1973,16643000,15783000,15276000,508000,860000,0.948,0.918,0.032,0.052,01-Jan-73
2,Feb,1973,16647000,15798000,15304000,494000,849000,0.949,0.919,0.031,0.051,01-Feb-73
3,Mar,1973,16650000,15792000,15307000,485000,858000,0.948,0.919,0.031,0.052,01-Mar-73
4,Apr,1973,16653000,15775000,15297000,478000,878000,0.947,0.919,0.03,0.053,01-Apr-73
5,May,1973,16657000,15747000,15278000,469000,910000,0.945,0.917,0.03,0.055,01-May-73
6,Jun,1973,16660000,15724000,15265000,458000,936000,0.944,0.916,0.029,0.056,01-Jun-73
7,Jul,1973,16663000,15703000,15257000,445000,960000,0.942,0.916,0.028,0.058,01-Jul-73
8,Aug,1973,16666000,15683000,15249000,435000,982000,0.941,0.915,0.028,0.059,01-Aug-73
9,Sep,1973,16668000,15672000,15247000,425000,996000,0.94,0.915,0.027,0.06,01-Sep-73
10,Oct,1973,16671000,15653000,15239000,414000,1018000,0.939,0.914,0.026,0.061,01-Oct-73
11,Nov,1974,16674000,15639000,15221000,418000,1035000,0.938,0.913,0.027,0.062,01-Nov-74
12,Dec,1974,16677000,15637000,15209000,428000,1039000,0.938,0.912,0.027,0.062,01-Dec-74
1,Jan,1974,16679000,15637000,15192000,445000,1042000,0.938,0.911,0.028,0.062,01-Jan-74
2,Feb,1974,16682000,15633000,15182000,451000,1049000,0.937,0.91,0.029,0.063,01-Feb-74
3,Mar,1974,16685000,15624000,15172000,452000,1061000,0.936,0.909,0.029,0.064,01-Mar-74
4,Apr,1974,16688000,15625000,15171000,454000,1062000,0.936,0.909,0.029,0.064,01-Apr-74
5,May,1974,16690000,15630000,15172000,458000,1060000,0.936,0.909,0.029,0.064,01-May-74
6,Jun,1974,16693000,15650000,15183000,467000,1043000,0.938,0.91,0.03,0.062,01-Jun-74
7,Jul,1974,16698000,15658000,15185000,473000,1040000,0.938,0.909,0.03,0.062,01-Jul-74
8,Aug,1974,16702000,15665000,15184000,481000,1037000,0.938,0.909,0.031,0.062,01-Aug-74
9,Sep,1974,16707000,15660000,15176000,485000,1046000,0.937,0.908,0.031,0.063,01-Sep-74
10,Oct,1974,16711000,15656000,15165000,491000,1055000,0.937,0.908,0.031,0.063,01-Oct-74
11,Nov,1975,16716000,15647000,15146000,501000,1069000,0.936,0.906,0.032,0.064,01-Nov-75
12,Dec,1975,16720000,15641000,15126000,514000,1079000,0.935,0.905,0.033,0.065,01-Dec-75
1,Jan,1975,16725000,15646000,15115000,531000,1079000,0.936,0.904,0.034,0.064,01-Jan-75
2,Feb,1975,16729000,15646000,15095000,551000,1083000,0.935,0.902,0.035,0.065,01-Feb-75
3,Mar,1975,16734000,15663000,15085000,577000,1071000,0.936,0.901,0.037,0.064,01-Mar-75
4,Apr,1975,16738000,15681000,15075000,606000,1057000,0.937,0.901,0.039,0.063,01-Apr-75
5,May,1975,16743000,15700000,15066000,635000,1042000,0.938,0.9,0.04,0.062,01-May-75
6,Jun,1975,16747000,15715000,15056000,659000,1032000,0.938,0.899,0.042,0.062,01-Jun-75
7,Jul,1975,16753000,15725000,15044000,682000,1028000,0.939,0.898,0.043,0.061,01-Jul-75
8,Aug,1975,16760000,15739000,15035000,705000,1020000,0.939,0.897,0.045,0.061,01-Aug-75
9,Sep,1975,16766000,15744000,15015000,729000,1021000,0.939,0.896,0.046,0.061,01-Sep-75
10,Oct,1975,16772000,15756000,15003000,753000,1016000,0.939,0.895,0.048,0.061,01-Oct-75
11,Nov,1976,16778000,15757000,14987000,770000,1022000,0.939,0.893,0.049,0.061,01-Nov-76
12,Dec,1976,16785000,15758000,14975000,783000,1027000,0.939,0.892,0.05,0.061,01-Dec-76
1,Jan,1976,16791000,15756000,14963000,793000,1035000,0.938,0.891,0.05,0.062,01-Jan-76
2,Feb,1976,16797000,15746000,14946000,800000,1051000,0.937,0.89,0.051,0.063,01-Feb-76
3,Mar,1976,16803000,15752000,14944000,808000,1052000,0.937,0.889,0.051,0.063,01-Mar-76
4,Apr,1976,16810000,15746000,14933000,813000,1063000,0.937,0.888,0.052,0.063,01-Apr-76
5,May,1976,16816000,15741000,14925000,816000,1075000,0.936,0.888,0.052,0.064,01-May-76
6,Jun,1976,16822000,15740000,14924000,816000,1082000,0.936,0.887,0.052,0.064,01-Jun-76
7,Jul,1976,16829000,15733000,14916000,817000,1096000,0.935,0.886,0.052,0.065,01-Jul-76
8,Aug,1976,16837000,15730000,14915000,815000,1107000,0.934,0.886,0.052,0.066,01-Aug-76
9,Sep,1976,16844000,15726000,14914000,812000,1118000,0.934,0.885,0.052,0.066,01-Sep-76
10,Oct,1976,16851000,15725000,14914000,811000,1126000,0.933,0.885,0.052,0.067,01-Oct-76
11,Nov,1977,16859000,15726000,14915000,811000,1133000,0.933,0.885,0.052,0.067,01-Nov-77
12,Dec,1977,16866000,15725000,14916000,810000,1140000,0.932,0.884,0.051,0.068,01-Dec-77
1,Jan,1977,16873000,15715000,14907000,808000,1159000,0.931,0.883,0.051,0.069,01-Jan-77
2,Feb,1977,16880000,15706000,14898000,808000,1174000,0.93,0.883,0.051,0.07,01-Feb-77
3,Mar,1977,16888000,15707000,14897000,810000,1181000,0.93,0.882,0.052,0.07,01-Mar-77
4,Apr,1977,16895000,15705000,14888000,818000,1190000,0.93,0.881,0.052,0.07,01-Apr-77
5,May,1977,16902000,15704000,14879000,826000,1198000,0.929,0.88,0.053,0.071,01-May-77
6,Jun,1977,16910000,15711000,14877000,834000,1198000,0.929,0.88,0.053,0.071,01-Jun-77
7,Jul,1977,16917000,15718000,14877000,841000,1199000,0.929,0.879,0.053,0.071,01-Jul-77
8,Aug,1977,16924000,15711000,14868000,843000,1213000,0.928,0.878,0.054,0.072,01-Aug-77
9,Sep,1977,16931000,15704000,14860000,844000,1227000,0.928,0.878,0.054,0.072,01-Sep-77
10,Oct,1977,16939000,15698000,14858000,840000,1241000,0.927,0.877,0.053,0.073,01-Oct-77
11,Nov,1978,16946000,15692000,14858000,834000,1254000,0.926,0.877,0.053,0.074,01-Nov-78
12,Dec,1978,16953000,15686000,14860000,826000,1267000,0.925,0.877,0.053,0.075,01-Dec-78
1,Jan,1978,16961000,15678000,14859000,819000,1283000,0.924,0.876,0.052,0.076,01-Jan-78
2,Feb,1978,16968000,15665000,14853000,813000,1302000,0.923,0.875,0.052,0.077,01-Feb-78
3,Mar,1978,16975000,15661000,14852000,809000,1314000,0.923,0.875,0.052,0.077,01-Mar-78
4,Apr,1978,16982000,15648000,14844000,804000,1335000,0.921,0.874,0.051,0.079,01-Apr-78
5,May,1978,16990000,15643000,14843000,799000,1347000,0.921,0.874,0.051,0.079,01-May-78
6,Jun,1978,16997000,15642000,14845000,796000,1355000,0.92,0.873,0.051,0.08,01-Jun-78
7,Jul,1978,17007000,15647000,14854000,792000,1361000,0.92,0.873,0.051,0.08,01-Jul-78
8,Aug,1978,17018000,15651000,14865000,786000,1367000,0.92,0.873,0.05,0.08,01-Aug-78
9,Sep,1978,17029000,15651000,14876000,775000,1378000,0.919,0.874,0.049,0.081,01-Sep-78
10,Oct,1978,17039000,15652000,14888000,764000,1388000,0.919,0.874,0.049,0.081,01-Oct-78
11,Nov,1979,17050000,15664000,14906000,757000,1386000,0.919,0.874,0.048,0.081,01-Nov-79
12,Dec,1979,17060000,15669000,14909000,760000,1392000,0.918,0.874,0.048,0.082,01-Dec-79
1,Jan,1979,17071000,15672000,14910000,762000,1399000,0.918,0.873,0.049,0.082,01-Jan-79
2,Feb,1979,17081000,15665000,14909000,756000,1416000,0.917,0.873,0.048,0.083,01-Feb-79
3,Mar,1979,17092000,15657000,14912000,745000,1435000,0.916,0.872,0.048,0.084,01-Mar-79
4,Apr,1979,17103000,15654000,14910000,743000,1449000,0.915,0.872,0.047,0.085,01-Apr-79
5,May,1979,17113000,15658000,14910000,747000,1455000,0.915,0.871,0.048,0.085,01-May-79
6,Jun,1979,17124000,15662000,14912000,751000,1461000,0.915,0.871,0.048,0.085,01-Jun-79
7,Jul,1979,17135000,15667000,14911000,756000,1468000,0.914,0.87,0.048,0.086,01-Jul-79
8,Aug,1979,17145000,15670000,14905000,764000,1476000,0.914,0.869,0.049,0.086,01-Aug-79
9,Sep,1979,17156000,15677000,14904000,773000,1479000,0.914,0.869,0.049,0.086,01-Sep-79
10,Oct,1979,17167000,15678000,14893000,785000,1490000,0.913,0.867,0.05,0.087,01-Oct-79
11,Nov,1980,17178000,15673000,14875000,798000,1505000,0.912,0.866,0.051,0.088,01-Nov-80
12,Dec,1980,17189000,15676000,14857000,820000,1513000,0.912,0.864,0.052,0.088,01-Dec-80
1,Jan,1980,17200000,15690000,14845000,845000,1510000,0.912,0.863,0.054,0.088,01-Jan-80
2,Feb,1980,17211000,15701000,14823000,878000,1510000,0.912,0.861,0.056,0.088,01-Feb-80
3,Mar,1980,17222000,15715000,14803000,911000,1507000,0.912,0.86,0.058,0.088,01-Mar-80
4,Apr,1980,17233000,15724000,14774000,950000,1509000,0.912,0.857,0.06,0.088,01-Apr-80
5,May,1980,17244000,15737000,14744000,992000,1507000,0.913,0.855,0.063,0.087,01-May-80
6,Jun,1980,17255000,15750000,14704000,1046000,1504000,0.913,0.852,0.066,0.087,01-Jun-80
7,Jul,1980,17265000,15757000,14652000,1105000,1507000,0.913,0.849,0.07,0.087,01-Jul-80
8,Aug,1980,17275000,15762000,14593000,1169000,1513000,0.912,0.845,0.074,0.088,01-Aug-80
9,Sep,1980,17285000,15778000,14541000,1237000,1507000,0.913,0.841,0.078,0.087,01-Sep-80
10,Oct,1980,17295000,15788000,14482000,1306000,1507000,0.913,0.837,0.083,0.087,01-Oct-80
11,Nov,1981,17305000,15805000,14432000,1372000,1500000,0.913,0.834,0.087,0.087,01-Nov-81
12,Dec,1981,17315000,15809000,14380000,1429000,1506000,0.913,0.83,0.09,0.087,01-Dec-81
1,Jan,1981,17326000,15815000,14331000,1484000,1511000,0.913,0.827,0.094,0.087,01-Jan-81
2,Feb,1981,17336000,15822000,14281000,1541000,1514000,0.913,0.824,0.097,0.087,01-Feb-81
3,Mar,1981,17346000,15832000,14237000,1595000,1514000,0.913,0.821,0.101,0.087,01-Mar-81
4,Apr,1981,17356000,15827000,14200000,1628000,1529000,0.912,0.818,0.103,0.088,01-Apr-81
5,May,1981,17366000,15816000,14160000,1656000,1550000,0.911,0.815,0.105,0.089,01-May-81
6,Jun,1981,17376000,15807000,14129000,1678000,1570000,0.91,0.813,0.106,0.09,01-Jun-81
7,Jul,1981,17384000,15797000,14098000,1699000,1588000,0.909,0.811,0.108,0.091,01-Jul-81
8,Aug,1981,17392000,15777000,14060000,1717000,1615000,0.907,0.808,0.109,0.093,01-Aug-81
9,Sep,1981,17400000,15765000,14029000,1736000,1635000,0.906,0.806,0.11,0.094,01-Sep-81
10,Oct,1981,17408000,15742000,13991000,1751000,1666000,0.904,0.804,0.111,0.096,01-Oct-81
11,Nov,1982,17415000,15725000,13961000,1765000,1690000,0.903,0.802,0.112,0.097,01-Nov-82
12,Dec,1982,17423000,15715000,13940000,1774000,1709000,0.902,0.8,0.113,0.098,01-Dec-82
1,Jan,1982,17431000,15711000,13930000,1782000,1720000,0.901,0.799,0.113,0.099,01-Jan-82
2,Feb,1982,17439000,15698000,13911000,1788000,1741000,0.9,0.798,0.114,0.1,01-Feb-82
3,Mar,1982,17447000,15694000,13900000,1794000,1753000,0.9,0.797,0.114,0.1,01-Mar-82
4,Apr,1982,17455000,15678000,13872000,1807000,1776000,0.898,0.795,0.115,0.102,01-Apr-82
5,May,1982,17462000,15669000,13849000,1820000,1794000,0.897,0.793,0.116,0.103,01-May-82
6,Jun,1982,17470000,15655000,13820000,1835000,1816000,0.896,0.791,0.117,0.104,01-Jun-82
7,Jul,1982,17484000,15647000,13799000,1848000,1837000,0.895,0.789,0.118,0.105,01-Jul-82
8,Aug,1982,17497000,15631000,13770000,1861000,1866000,0.893,0.787,0.119,0.107,01-Aug-82
9,Sep,1982,17510000,15614000,13739000,1875000,1897000,0.892,0.785,0.12,0.108,01-Sep-82
10,Oct,1982,17523000,15599000,13710000,1889000,1924000,0.89,0.782,0.121,0.11,01-Oct-82
11,Nov,1983,17537000,15589000,13689000,1900000,1948000,0.889,0.781,0.122,0.111,01-Nov-83
12,Dec,1983,17550000,15575000,13669000,1906000,1975000,0.887,0.779,0.122,0.113,01-Dec-83
1,Jan,1983,17563000,15569000,13658000,1910000,1995000,0.886,0.778,0.123,0.114,01-Jan-83
2,Feb,1983,17577000,15556000,13641000,1915000,2021000,0.885,0.776,0.123,0.115,01-Feb-83
3,Mar,1983,17590000,15551000,13630000,1921000,2039000,0.884,0.775,0.124,0.116,01-Mar-83
4,Apr,1983,17603000,15556000,13630000,1926000,2047000,0.884,0.774,0.124,0.116,01-Apr-83
5,May,1983,17617000,15559000,13630000,1929000,2058000,0.883,0.774,0.124,0.117,01-May-83
6,Jun,1983,17630000,15585000,13659000,1926000,2045000,0.884,0.775,0.124,0.116,01-Jun-83
7,Jul,1983,17644000,15611000,13690000,1921000,2033000,0.885,0.776,0.123,0.115,01-Jul-83
8,Aug,1983,17657000,15636000,13720000,1916000,2021000,0.886,0.777,0.123,0.114,01-Aug-83
9,Sep,1983,17671000,15653000,13741000,1912000,2018000,0.886,0.778,0.122,0.114,01-Sep-83
10,Oct,1983,17685000,15669000,13761000,1909000,2015000,0.886,0.778,0.122,0.114,01-Oct-83
11,Nov,1984,17698000,15688000,13781000,1907000,2010000,0.886,0.779,0.122,0.114,01-Nov-84
12,Dec,1984,17712000,15709000,13800000,1909000,2003000,0.887,0.779,0.122,0.113,01-Dec-84
1,Jan,1984,17725000,15730000,13820000,1911000,1995000,0.887,0.78,0.121,0.113,01-Jan-84
2,Feb,1984,17739000,15750000,13840000,1910000,1989000,0.888,0.78,0.121,0.112,01-Feb-84
3,Mar,1984,17753000,15768000,13860000,1908000,1985000,0.888,0.781,0.121,0.112,01-Mar-84
4,Apr,1984,17766000,15778000,13879000,1899000,1988000,0.888,0.781,0.12,0.112,01-Apr-84
5,May,1984,17780000,15785000,13890000,1894000,1995000,0.888,0.781,0.12,0.112,01-May-84
6,Jun,1984,17794000,15790000,13900000,1890000,2004000,0.887,0.781,0.12,0.113,01-Jun-84
7,Jul,1984,17798000,15800000,13910000,1891000,1998000,0.888,0.782,0.12,0.112,01-Jul-84
8,Aug,1984,17803000,15819000,13929000,1890000,1984000,0.889,0.782,0.119,0.111,01-Aug-84
9,Sep,1984,17808000,15830000,13940000,1890000,1978000,0.889,0.783,0.119,0.111,01-Sep-84
10,Oct,1984,17813000,15835000,13950000,1885000,1978000,0.889,0.783,0.119,0.111,01-Oct-84
11,Nov,1985,17818000,15831000,13951000,1881000,1987000,0.888,0.783,0.119,0.112,01-Nov-85
12,Dec,1985,17823000,15837000,13960000,1877000,1986000,0.889,0.783,0.119,0.111,01-Dec-85
1,Jan,1985,17828000,15841000,13970000,1872000,1987000,0.889,0.784,0.118,0.111,01-Jan-85
2,Feb,1985,17833000,15847000,13980000,1867000,1987000,0.889,0.784,0.118,0.111,01-Feb-85
3,Mar,1985,17838000,15836000,13977000,1859000,2002000,0.888,0.784,0.117,0.112,01-Mar-85
4,Apr,1985,17843000,15835000,13979000,1856000,2008000,0.887,0.783,0.117,0.113,01-Apr-85
5,May,1985,17848000,15822000,13971000,1850000,2026000,0.886,0.783,0.117,0.114,01-May-85
6,Jun,1985,17853000,15817000,13971000,1846000,2036000,0.886,0.783,0.117,0.114,01-Jun-85
7,Jul,1985,17857000,15814000,13971000,1843000,2043000,0.886,0.782,0.117,0.114,01-Jul-85
8,Aug,1985,17860000,15812000,13971000,1841000,2048000,0.885,0.782,0.116,0.115,01-Aug-85
9,Sep,1985,17864000,15809000,13969000,1840000,2055000,0.885,0.782,0.116,0.115,01-Sep-85
10,Oct,1985,17867000,15801000,13960000,1841000,2066000,0.884,0.781,0.116,0.116,01-Oct-85
11,Nov,1986,17871000,15796000,13952000,1844000,2075000,0.884,0.781,0.117,0.116,01-Nov-86
12,Dec,1986,17874000,15793000,13948000,1846000,2081000,0.884,0.78,0.117,0.116,01-Dec-86
1,Jan,1986,17878000,15792000,13940000,1852000,2086000,0.883,0.78,0.117,0.117,01-Jan-86
2,Feb,1986,17881000,15782000,13930000,1852000,2099000,0.883,0.779,0.117,0.117,01-Feb-86
3,Mar,1986,17885000,15779000,13925000,1854000,2106000,0.882,0.779,0.118,0.118,01-Mar-86
4,Apr,1986,17889000,15773000,13920000,1853000,2115000,0.882,0.778,0.118,0.118,01-Apr-86
5,May,1986,17892000,15777000,13920000,1857000,2115000,0.882,0.778,0.118,0.118,01-May-86
6,Jun,1986,17896000,15789000,13930000,1859000,2107000,0.882,0.778,0.118,0.118,01-Jun-86
7,Jul,1986,17900000,15797000,13940000,1857000,2103000,0.883,0.779,0.118,0.117,01-Jul-86
8,Aug,1986,17905000,15792000,13940000,1852000,2113000,0.882,0.779,0.117,0.118,01-Aug-86
9,Sep,1986,17910000,15796000,13948000,1849000,2114000,0.882,0.779,0.117,0.118,01-Sep-86
10,Oct,1986,17915000,15795000,13950000,1845000,2120000,0.882,0.779,0.117,0.118,01-Oct-86
11,Nov,1987,17920000,15795000,13952000,1843000,2124000,0.881,0.779,0.117,0.119,01-Nov-87
12,Dec,1987,17924000,15795000,13960000,1835000,2129000,0.881,0.779,0.116,0.119,01-Dec-87
1,Jan,1987,17929000,15794000,13970000,1824000,2135000,0.881,0.779,0.116,0.119,01-Jan-87
2,Feb,1987,17934000,15804000,13992000,1812000,2129000,0.881,0.78,0.115,0.119,01-Feb-87
3,Mar,1987,17939000,15818000,14024000,1794000,2120000,0.882,0.782,0.113,0.118,01-Mar-87
4,Apr,1987,17943000,15832000,14060000,1772000,2112000,0.882,0.784,0.112,0.118,01-Apr-87
5,May,1987,17948000,15845000,14102000,1742000,2103000,0.883,0.786,0.11,0.117,01-May-87
6,Jun,1987,17953000,15866000,14150000,1716000,2087000,0.884,0.788,0.108,0.116,01-Jun-87
7,Jul,1987,17957000,15880000,14190000,1690000,2077000,0.884,0.79,0.106,0.116,01-Jul-87
8,Aug,1987,17960000,15890000,14230000,1660000,2070000,0.885,0.792,0.104,0.115,01-Aug-87
9,Sep,1987,17964000,15897000,14268000,1629000,2067000,0.885,0.794,0.102,0.115,01-Sep-87
10,Oct,1987,17968000,15899000,14300000,1599000,2068000,0.885,0.796,0.101,0.115,01-Oct-87
11,Nov,1988,17971000,15912000,14342000,1570000,2059000,0.885,0.798,0.099,0.115,01-Nov-88
12,Dec,1988,17975000,15925000,14382000,1543000,2050000,0.886,0.8,0.097,0.114,01-Dec-88
1,Jan,1988,17979000,15943000,14430000,1513000,2036000,0.887,0.803,0.095,0.113,01-Jan-88
2,Feb,1988,17982000,15946000,14460000,1486000,2036000,0.887,0.804,0.093,0.113,01-Feb-88
3,Mar,1988,17986000,15949000,14489000,1460000,2037000,0.887,0.806,0.092,0.113,01-Mar-88
4,Apr,1988,17990000,15946000,14510000,1436000,2043000,0.886,0.807,0.09,0.114,01-Apr-88
5,May,1988,17993000,15940000,14530000,1410000,2053000,0.886,0.808,0.088,0.114,01-May-88
6,Jun,1988,17997000,15939000,14552000,1387000,2058000,0.886,0.809,0.087,0.114,01-Jun-88
7,Jul,1988,18001000,15948000,14580000,1368000,2053000,0.886,0.81,0.086,0.114,01-Jul-88
8,Aug,1988,18004000,15955000,14602000,1353000,2049000,0.886,0.811,0.085,0.114,01-Aug-88
9,Sep,1988,18008000,15965000,14630000,1335000,2043000,0.887,0.812,0.084,0.113,01-Sep-88
10,Oct,1988,18011000,15961000,14652000,1308000,2050000,0.886,0.814,0.082,0.114,01-Oct-88
11,Nov,1989,18015000,15960000,14680000,1280000,2055000,0.886,0.815,0.08,0.114,01-Nov-89
12,Dec,1989,18018000,15974000,14720000,1254000,2044000,0.887,0.817,0.079,0.113,01-Dec-89
1,Jan,1989,18022000,15995000,14762000,1232000,2027000,0.888,0.819,0.077,0.112,01-Jan-89
2,Feb,1989,18025000,16001000,14792000,1208000,2024000,0.888,0.821,0.076,0.112,01-Feb-89
3,Mar,1989,18029000,16010000,14821000,1189000,2019000,0.888,0.822,0.074,0.112,01-Mar-89
4,Apr,1989,18032000,16017000,14840000,1177000,2015000,0.888,0.823,0.073,0.112,01-Apr-89
5,May,1989,18036000,16022000,14850000,1172000,2014000,0.888,0.823,0.073,0.112,01-May-89
6,Jun,1989,18039000,16022000,14858000,1165000,2017000,0.888,0.824,0.073,0.112,01-Jun-89
7,Jul,1989,18042000,16028000,14870000,1158000,2014000,0.888,0.824,0.072,0.112,01-Jul-89
8,Aug,1989,18045000,16031000,14878000,1153000,2015000,0.888,0.824,0.072,0.112,01-Aug-89
9,Sep,1989,18049000,16037000,14888000,1149000,2012000,0.889,0.825,0.072,0.111,01-Sep-89
10,Oct,1989,18052000,16038000,14890000,1148000,2014000,0.888,0.825,0.072,0.112,01-Oct-89
11,Nov,1990,18055000,16034000,14890000,1144000,2021000,0.888,0.825,0.071,0.112,01-Nov-90
12,Dec,1990,18058000,16032000,14890000,1142000,2026000,0.888,0.825,0.071,0.112,01-Dec-90
1,Jan,1990,18061000,16034000,14890000,1144000,2028000,0.888,0.824,0.071,0.112,01-Jan-90
2,Feb,1990,18064000,16035000,14890000,1145000,2029000,0.888,0.824,0.071,0.112,01-Feb-90
3,Mar,1990,18068000,16034000,14887000,1147000,2033000,0.887,0.824,0.072,0.113,01-Mar-90
4,Apr,1990,18071000,16029000,14882000,1146000,2042000,0.887,0.824,0.072,0.113,01-Apr-90
5,May,1990,18074000,16025000,14872000,1153000,2049000,0.887,0.823,0.072,0.113,01-May-90
6,Jun,1990,18077000,16029000,14862000,1166000,2048000,0.887,0.822,0.073,0.113,01-Jun-90
7,Jul,1990,18078000,16022000,14835000,1187000,2056000,0.886,0.821,0.074,0.114,01-Jul-90
8,Aug,1990,18078000,16014000,14802000,1212000,2064000,0.886,0.819,0.076,0.114,01-Aug-90
9,Sep,1990,18079000,16005000,14765000,1241000,2074000,0.885,0.817,0.078,0.115,01-Sep-90
10,Oct,1990,18080000,15987000,14712000,1274000,2093000,0.884,0.814,0.08,0.116,01-Oct-90
11,Nov,1991,18081000,15967000,14665000,1302000,2114000,0.883,0.811,0.082,0.117,01-Nov-91
12,Dec,1991,18081000,15953000,14612000,1341000,2128000,0.882,0.808,0.084,0.118,01-Dec-91
1,Jan,1991,18082000,15950000,14562000,1388000,2132000,0.882,0.805,0.087,0.118,01-Jan-91
2,Feb,1991,18083000,15944000,14502000,1442000,2139000,0.882,0.802,0.09,0.118,01-Feb-91
3,Mar,1991,18084000,15935000,14444000,1491000,2149000,0.881,0.799,0.094,0.119,01-Mar-91
4,Apr,1991,18084000,15904000,14370000,1534000,2180000,0.879,0.795,0.096,0.121,01-Apr-91
5,May,1991,18085000,15878000,14300000,1578000,2207000,0.878,0.791,0.099,0.122,01-May-91
6,Jun,1991,18085000,15856000,14238000,1618000,2229000,0.877,0.787,0.102,0.123,01-Jun-91
7,Jul,1991,18086000,15834000,14180000,1654000,2251000,0.876,0.784,0.104,0.124,01-Jul-91
8,Aug,1991,18086000,15812000,14130000,1682000,2274000,0.874,0.781,0.106,0.126,01-Aug-91
9,Sep,1991,18087000,15787000,14080000,1707000,2299000,0.873,0.778,0.108,0.127,01-Sep-91
10,Oct,1991,18087000,15761000,14030000,1731000,2326000,0.871,0.776,0.11,0.129,01-Oct-91
11,Nov,1992,18087000,15738000,13988000,1751000,2349000,0.87,0.773,0.111,0.13,01-Nov-92
12,Dec,1992,18088000,15730000,13958000,1772000,2358000,0.87,0.772,0.113,0.13,01-Dec-92
1,Jan,1992,18088000,15718000,13918000,1800000,2371000,0.869,0.769,0.115,0.131,01-Jan-92
2,Feb,1992,18089000,15704000,13880000,1824000,2385000,0.868,0.767,0.116,0.132,01-Feb-92
3,Mar,1992,18074941,15670022.34,13829864.94,1840157.401,2404918.657,0.8669,0.7651,0.1174,0.1331,01-Mar-92
4,Apr,1992,18074153.92,15635557.02,13814390.36,1821166.662,2438596.898,0.8651,0.7643,0.1165,0.1349,01-Apr-92
5,May,1992,18072731.83,15622244.73,13784376.31,1837868.421,2450487.103,0.8644,0.7627,0.1176,0.1356,01-May-92
6,Jun,1992,18070830.75,15614772.83,13764674.5,1850098.323,2456057.923,0.8641,0.7617,0.1185,0.1359,01-Jun-92
7,Jul,1992,18070530.67,15603785.13,13747072.15,1856712.981,2466745.534,0.8635,0.7607,0.119,0.1365,01-Jul-92
8,Aug,1992,18069071.58,15591241.18,13703154.62,1888086.562,2477830.402,0.8629,0.7584,0.1211,0.1371,01-Aug-92
9,Sep,1992,18066955.5,15579504.74,13655672.2,1923832.545,2487450.76,0.8623,0.7558,0.1235,0.1377,01-Sep-92
10,Oct,1992,18065679.42,15555823.17,13610388.14,1945435.024,2509856.251,0.8611,0.7534,0.1251,0.1389,01-Oct-92
11,Nov,1993,18064535.33,15569031.83,13593798.67,1975233.165,2495503.502,0.8619,0.7525,0.1269,0.1381,01-Nov-93
12,Dec,1993,18062912.25,15575944.94,13576459.98,1999484.958,2486967.308,0.8623,0.7516,0.1284,0.1377,01-Dec-93
1,Jan,1993,18061610.17,15577277.15,13578061.43,1999215.725,2484333.016,0.8625,0.7518,0.1283,0.1375,01-Jan-93
2,Feb,1993,18060920.08,15523915.58,13537941.32,1985974.253,2537004.507,0.8595,0.7496,0.1279,0.1405,01-Feb-93
3,Mar,1993,18059303,15506522.46,13549451.28,1957071.175,2552780.542,0.8586,0.7503,0.1262,0.1414,01-Mar-93
4,Apr,1993,18057688.92,15489439.29,13567746.92,1921692.369,2568249.628,0.8578,0.7514,0.1241,0.1422,01-Apr-93
5,May,1993,18056297.83,15484883.83,13561045.71,1923838.116,2571414.007,0.8576,0.751,0.1242,0.1424,01-May-93
6,Jun,1993,18055779.75,15457345.95,13553297.77,1904048.176,2598433.8,0.8561,0.7506,0.1232,0.1439,01-Jun-93
7,Jul,1993,18055711.67,15458988.77,13551162.54,1907826.231,2596722.897,0.8562,0.7505,0.1234,0.1438,01-Jul-93
8,Aug,1993,18055473.58,15443127.22,13558473.74,1884653.488,2612346.358,0.8553,0.7509,0.122,0.1447,01-Aug-93
9,Sep,1993,18054455.5,15456065.8,13573587.48,1882478.314,2598389.701,0.8561,0.7518,0.1218,0.1439,01-Sep-93
10,Oct,1993,18055044.42,15456790.28,13567304.84,1889485.438,2598254.136,0.8561,0.7514,0.1222,0.1439,01-Oct-93
11,Nov,1994,18055208.33,15461353.7,13567488.24,1893865.459,2593854.633,0.8563,0.7514,0.1225,0.1437,01-Nov-94
12,Dec,1994,18054306.25,15452337.23,13607466.89,1844870.341,2601969.017,0.8559,0.7537,0.1194,0.1441,01-Dec-94
1,Jan,1994,18054016.17,15444168.39,13625292.07,1818876.32,2609847.772,0.8554,0.7547,0.1178,0.1446,01-Jan-94
2,Feb,1994,18054173.08,15444195.91,13645453.32,1798742.588,2609977.173,0.8554,0.7558,0.1165,0.1446,01-Feb-94
3,Mar,1994,18053532,15433802.22,13638283.97,1795518.245,2619729.784,0.8549,0.7554,0.1163,0.1451,01-Mar-94
4,Apr,1994,18053540.33,15419473,13623907.27,1795565.731,2634067.336,0.8541,0.7546,0.1164,0.1459,01-Apr-94
5,May,1994,18053079.67,15438846.07,13659263.58,1779582.489,2614233.597,0.8552,0.7566,0.1153,0.1448,01-May-94
6,Jun,1994,18057008,15437422.03,13671332.83,1766089.199,2619585.974,0.8549,0.7571,0.1144,0.1451,01-Jun-94
7,Jul,1994,18061004.33,15428109.22,13711177.3,1716931.915,2632895.118,0.8542,0.7592,0.1113,0.1458,01-Jul-94
8,Aug,1994,18065854.67,15419145.44,13724463.08,1694682.358,2646709.226,0.8535,0.7597,0.1099,0.1465,01-Aug-94
9,Sep,1994,18069536,15396552.87,13734312.16,1662240.709,2672983.134,0.8521,0.7601,0.108,0.1479,01-Sep-94
10,Oct,1994,18073496.33,15379470.51,13739993.8,1639476.708,2694025.824,0.8509,0.7602,0.1066,0.1491,01-Oct-94
11,Nov,1995,18077887.67,15358327.16,13735706.73,1622620.435,2719560.503,0.8496,0.7598,0.1057,0.1504,01-Nov-95
12,Dec,1995,18081643,15356662.53,13741440.9,1615221.63,2724980.466,0.8493,0.76,0.1052,0.1507,01-Dec-95
1,Jan,1995,18086355,15365431.48,13756728.16,1608703.322,2720923.52,0.8496,0.7606,0.1047,0.1504,01-Jan-95
2,Feb,1995,18090353,15361872.15,13771825.64,1590046.513,2728480.845,0.8492,0.7613,0.1035,0.1508,01-Feb-95
3,Mar,1995,18094264,15386037.65,13801785.89,1584251.765,2708226.347,0.8503,0.7628,0.103,0.1497,01-Mar-95
4,Apr,1995,18098726,15379530.99,13804518.12,1575012.874,2719195.011,0.8498,0.7627,0.1024,0.1502,01-Apr-95
5,May,1995,18102477,15384705.65,13811993.05,1572712.598,2717771.348,0.8499,0.763,0.1022,0.1501,01-May-95
6,Jun,1995,18106603,15401320.5,13836489.83,1564830.666,2705282.5,0.8506,0.7642,0.1016,0.1494,01-Jun-95
7,Jul,1995,18112068,15410607.85,13844544.28,1566063.57,2701460.155,0.8508,0.7644,0.1016,0.1492,01-Jul-95
8,Aug,1995,18116127,15407185.24,13838439.49,1568745.751,2708941.759,0.8505,0.7639,0.1018,0.1495,01-Aug-95
9,Sep,1995,18121357,15398200.79,13857551.94,1540648.852,2723156.206,0.8497,0.7647,0.1001,0.1503,01-Sep-95
10,Oct,1995,18126459,15403603.43,13904978.58,1498624.852,2722855.569,0.8498,0.7671,0.0973,0.1502,01-Oct-95
11,Nov,1996,18131224,15414780.06,13882540.5,1532239.553,2716443.944,0.8502,0.7657,0.0994,0.1498,01-Nov-96
12,Dec,1996,18135690,15409060.17,13878812.93,1530247.239,2726629.828,0.8497,0.7653,0.0993,0.1503,01-Dec-96
1,Jan,1996,18140681,15404652.55,13877896.72,1526755.83,2736028.448,0.8492,0.765,0.0991,0.1508,01-Jan-96
2,Feb,1996,18145168,15413434.72,13886659.39,1526775.325,2731733.281,0.8495,0.7653,0.0991,0.1505,01-Feb-96
3,Mar,1996,18150055,15409880.36,13895332.43,1514547.93,2740174.642,0.849,0.7656,0.0983,0.151,01-Mar-96
4,Apr,1996,18154465,15405145.72,13895633.61,1509512.102,2749319.283,0.8486,0.7654,0.098,0.1514,01-Apr-96
5,May,1996,18159429,15396215.1,13908797.08,1487418.02,2763213.903,0.8478,0.7659,0.0966,0.1522,01-May-96
6,Jun,1996,18163716,15400818.8,13935788.86,1465029.938,2762897.2,0.8479,0.7672,0.0951,0.1521,01-Jun-96
7,Jul,1996,18168253,15390724.44,13930310.52,1460413.923,2777528.562,0.8471,0.7667,0.0949,0.1529,01-Jul-96
8,Aug,1996,18172545,15405659.83,13942773.75,1462886.083,2766885.167,0.8477,0.7672,0.095,0.1523,01-Aug-96
9,Sep,1996,18176878,15418580.3,13990023.6,1428556.703,2758297.698,0.8483,0.7697,0.0927,0.1517,01-Sep-96
10,Oct,1996,18181129,15386717.7,13997277.44,1389440.263,2794411.295,0.8463,0.7699,0.0903,0.1537,01-Oct-96
11,Nov,1997,18185184,15391325.03,14038513.51,1352811.52,2793858.971,0.8464,0.772,0.0879,0.1536,01-Nov-97
12,Dec,1997,18189469,15389362.6,14071624.98,1317737.625,2800106.396,0.8461,0.7736,0.0856,0.1539,01-Dec-97
1,Jan,1997,18193891,15409235.42,14124811.4,1284424.023,2784655.577,0.8469,0.7763,0.0834,0.1531,01-Jan-97
2,Feb,1997,18197735,15409750.11,14154576.44,1255173.671,2787984.892,0.8468,0.7778,0.0815,0.1532,01-Feb-97
3,Mar,1997,18202382,15408940.51,14136074.28,1272866.232,2793441.489,0.8465,0.7766,0.0826,0.1535,01-Mar-97
4,Apr,1997,18206937,15427130.98,14169021.73,1258109.252,2779806.015,0.8473,0.7782,0.0816,0.1527,01-Apr-97
5,May,1997,18210870,15428719.54,14147564.02,1281155.521,2782150.464,0.8472,0.7769,0.083,0.1528,01-May-97
6,Jun,1997,18215846,15407300.26,14174958.69,1232341.576,2808545.737,0.8458,0.7782,0.08,0.1542,01-Jun-97
7,Jul,1997,18220184,15392002.5,14199873.91,1192128.59,2828181.502,0.8448,0.7793,0.0775,0.1552,01-Jul-97
8,Aug,1997,18224783,15400743.92,14235396.95,1165346.974,2824039.076,0.845,0.7811,0.0757,0.155,01-Aug-97
9,Sep,1997,18229703,15395020.45,14244296.06,1150724.385,2834682.55,0.8445,0.7814,0.0747,0.1555,01-Sep-97
10,Oct,1997,18234312,15390918.35,14255392.9,1135525.45,2843393.649,0.8441,0.7818,0.0738,0.1559,01-Oct-97
11,Nov,1998,18239121,15375583.08,14276812.84,1098770.247,2863537.917,0.843,0.7828,0.0715,0.157,01-Nov-98
12,Dec,1998,18243337,15383032.9,14295351.82,1087681.08,2860304.095,0.8432,0.7836,0.0707,0.1568,01-Dec-98
1,Jan,1998,18248325,15380545.27,14287403.38,1093141.889,2867779.734,0.8428,0.7829,0.0711,0.1572,01-Jan-98
2,Feb,1998,18252480,15363180.78,14280553.2,1082627.581,2889299.223,0.8417,0.7824,0.0705,0.1583,01-Feb-98
3,Mar,1998,18257654,15361910.63,14292987.02,1068923.617,2895743.367,0.8414,0.7828,0.0696,0.1586,01-Mar-98
4,Apr,1998,18262275,15356647.56,14292998.89,1063648.672,2905627.436,0.8409,0.7827,0.0693,0.1591,01-Apr-98
5,May,1998,18267007,15389050.32,14320159.08,1068891.234,2877956.682,0.8425,0.7839,0.0695,0.1575,01-May-98
6,Jun,1998,18275160,15432679.68,14352009.58,1080670.095,2842480.321,0.8445,0.7853,0.07,0.1555,01-Jun-98
7,Jul,1998,18283272,15427947.1,14343773.93,1084173.174,2855324.898,0.8438,0.7845,0.0703,0.1562,01-Jul-98
8,Aug,1998,18290687,15426110.76,14340398.06,1085712.698,2864576.242,0.8434,0.784,0.0704,0.1566,01-Aug-98
9,Sep,1998,18298769,15450219.55,14375258,1074961.555,2848549.447,0.8443,0.7856,0.0696,0.1557,01-Sep-98
10,Oct,1998,18306199,15461210.23,14388480.19,1072730.031,2844988.774,0.8446,0.786,0.0694,0.1554,01-Oct-98
11,Nov,1999,18314361,15476099.89,14384032.53,1092067.359,2838261.109,0.845,0.7854,0.0706,0.155,01-Nov-99
12,Dec,1999,18322423,15495081.54,14405312.71,1089768.826,2827341.463,0.8457,0.7862,0.0703,0.1543,01-Dec-99
1,Jan,1999,18330362,15484703.44,14411059.11,1073644.331,2845658.558,0.8448,0.7862,0.0693,0.1552,01-Jan-99
2,Feb,1999,18338223,15478412.34,14408105.85,1070306.488,2859810.665,0.8441,0.7857,0.0691,0.1559,01-Feb-99
3,Mar,1999,18345888,15484564.65,14421227.25,1063337.404,2861323.35,0.844,0.7861,0.0687,0.156,01-Mar-99
4,Apr,1999,18353875,15496151.54,14445155.62,1050995.912,2857723.463,0.8443,0.787,0.0678,0.1557,01-Apr-99
5,May,1999,18361576,15499126.49,14467432.68,1031693.814,2862449.509,0.8441,0.7879,0.0666,0.1559,01-May-99
6,Jun,1999,18370650,15509168.44,14492708.34,1016460.102,2861481.561,0.8442,0.7889,0.0655,0.1558,01-Jun-99
7,Jul,1999,18378409,15525555.54,14509172.75,1016382.791,2852853.462,0.8448,0.7895,0.0655,0.1552,01-Jul-99
8,Aug,1999,18387159,15514456.24,14519208.08,995248.1558,2872702.763,0.8438,0.7896,0.0641,0.1562,01-Aug-99
9,Sep,1999,18395448,15549161.71,14544346.44,1004815.272,2846286.287,0.8453,0.7906,0.0646,0.1547,01-Sep-99
10,Oct,1999,18403873,15548828.85,14552333.3,996495.5512,2855044.148,0.8449,0.7907,0.0641,0.1551,01-Oct-99
11,Nov,2000,18412225,15565615.05,14556298.15,1009316.897,2846609.954,0.8454,0.7906,0.0648,0.1546,01-Nov-00
12,Dec,2000,18420371,15529455.85,14539200.41,990255.4444,2890915.145,0.8431,0.7893,0.0638,0.1569,01-Dec-00
1,Jan,2000,18428913,15557665.22,14575935.94,981729.2805,2871247.778,0.8442,0.7909,0.0631,0.1558,01-Jan-00
2,Feb,2000,18437684,15582162.67,14608601.15,973561.5268,2855521.325,0.8451,0.7923,0.0625,0.1549,01-Feb-00
3,Mar,2000,18445728,15596586.24,14626629.2,969957.0404,2849141.759,0.8455,0.793,0.0622,0.1545,01-Mar-00
4,Apr,2000,18453578,15570051.59,14618932.84,951118.7477,2883526.408,0.8437,0.7922,0.0611,0.1563,01-Apr-00
5,May,2000,18462512,15551324.05,14644378.81,906945.2478,2911187.946,0.8423,0.7932,0.0583,0.1577,01-May-00
6,Jun,2000,18473453,15549683.63,14650335.85,899347.7724,2923769.374,0.8417,0.793,0.0578,0.1583,01-Jun-00
7,Jul,2000,18484984,15556596.5,14650230.68,906365.8239,2928387.495,0.8416,0.7925,0.0583,0.1584,01-Jul-00
8,Aug,2000,18496923,15564699.59,14647527.46,917172.1278,2932223.411,0.8415,0.7919,0.0589,0.1585,01-Aug-00
9,Sep,2000,18508939,15553707.22,14644882.95,908824.2733,2955231.779,0.8403,0.7912,0.0584,0.1597,01-Sep-00
10,Oct,2000,18520097,15577551.79,14673598.92,903952.8767,2942545.205,0.8411,0.7923,0.058,0.1589,01-Oct-00
11,Nov,2001,18531679,15615674.51,14720450.34,895224.1641,2916004.493,0.8426,0.7943,0.0573,0.1574,01-Nov-01
12,Dec,2001,18543259,15620996.19,14707305.57,913690.6269,2922262.806,0.8424,0.7931,0.0585,0.1576,01-Dec-01
1,Jan,2001,18554401,15629641.39,14747318.96,882322.4257,2924759.611,0.8424,0.7948,0.0565,0.1576,01-Jan-01
2,Feb,2001,18566480,15612270.12,14748259.26,864010.8538,2954209.881,0.8409,0.7943,0.0553,0.1591,01-Feb-01
3,Mar,2001,18577554,15603069.03,14759987.53,843081.5061,2974484.967,0.8399,0.7945,0.054,0.1601,01-Mar-01
4,Apr,2001,18589557,15600004.03,14727121.27,872882.7588,2989552.967,0.8392,0.7922,0.056,0.1608,01-Apr-01
5,May,2001,18601088,15605292.1,14723071.43,882220.6625,2995795.903,0.8389,0.7915,0.0565,0.1611,01-May-01
6,Jun,2001,18608153,15644393.57,14752271.55,892122.0248,2963759.428,0.8407,0.7928,0.057,0.1593,01-Jun-01
7,Jul,2001,18618672,15647119.97,14754279.5,892840.4726,2971552.027,0.8404,0.7924,0.0571,0.1596,01-Jul-01
8,Aug,2001,18629491,15648291.18,14751065.48,897225.7005,2981199.818,0.84,0.7918,0.0573,0.16,01-Aug-01
9,Sep,2001,18640253,15655477.18,14761568.46,893908.7212,2984775.817,0.8399,0.7919,0.0571,0.1601,01-Sep-01
10,Oct,2001,18651409,15661766.65,14755347.89,906418.7636,2989642.348,0.8397,0.7911,0.0579,0.1603,01-Oct-01
11,Nov,2002,18661878,15649540.04,14742398.41,907141.632,3012337.959,0.8386,0.79,0.058,0.1614,01-Nov-02
12,Dec,2002,18672804,15647746.01,14743262.76,904483.2488,3025057.99,0.838,0.7896,0.0578,0.162,01-Dec-02
1,Jan,2002,18683116,15653858.42,14740805.32,913053.1028,3029257.577,0.8379,0.789,0.0583,0.1621,01-Jan-02
2,Feb,2002,18694347,15669572.11,14757721.64,911850.4699,3024774.885,0.8382,0.7894,0.0582,0.1618,01-Feb-02
3,Mar,2002,18705384,15685083.23,14772003.5,913079.7261,3020300.769,0.8385,0.7897,0.0582,0.1615,01-Mar-02
4,Apr,2002,18715917,15688946.99,14786238.11,902708.8751,3026970.014,0.8383,0.79,0.0575,0.1617,01-Apr-02
5,May,2002,18726528,15693720.82,14784087.14,909633.6776,3032807.181,0.838,0.7895,0.058,0.162,01-May-02
6,Jun,2002,18736650,15712098.6,14799627.29,912471.3072,3024551.402,0.8386,0.7899,0.0581,0.1614,01-Jun-02
7,Jul,2002,18746946,15717957.33,14779953.08,938004.2489,3028988.674,0.8384,0.7884,0.0597,0.1616,01-Jul-02
8,Aug,2002,18757067,15765244.67,14850022.96,915221.717,2991822.327,0.8405,0.7917,0.0581,0.1595,01-Aug-02
9,Sep,2002,18766953,15778699.39,14872594.54,906104.8488,2988253.61,0.8408,0.7925,0.0574,0.1592,01-Sep-02
10,Oct,2002,18777705,15810495.11,14922948.22,887546.891,2967209.887,0.842,0.7947,0.0561,0.158,01-Oct-02
11,Nov,2003,18788031,15777663.87,14908356.21,869307.658,3010367.13,0.8398,0.7935,0.0551,0.1602,01-Nov-03
12,Dec,2003,18798315,15772042.47,14860955.03,911087.4433,3026272.528,0.839,0.7905,0.0578,0.161,01-Dec-03
1,Jan,2003,18808383,15792645.04,14869587.24,923057.8015,3015737.959,0.8397,0.7906,0.0584,0.1603,01-Jan-03
2,Feb,2003,18818616,15809001.98,14899359.23,909642.7411,3009614.025,0.8401,0.7917,0.0575,0.1599,01-Feb-03
3,Mar,2003,18828648,15834850.46,14938205.67,896644.7904,2993797.545,0.841,0.7934,0.0566,0.159,01-Mar-03
4,Apr,2003,18838807,15854681.66,14977289.61,877392.053,2984125.34,0.8416,0.795,0.0553,0.1584,01-Apr-03
5,May,2003,18849212,15869671.96,14971600.81,898071.1541,2979540.036,0.8419,0.7943,0.0566,0.1581,01-May-03
6,Jun,2003,18860803,15851358.55,14956552.74,894805.8091,3009444.453,0.8404,0.793,0.0564,0.1596,01-Jun-03
7,Jul,2003,18872672,15856430.64,14969505.05,886925.5928,3016241.356,0.8402,0.7932,0.0559,0.1598,01-Jul-03
8,Aug,2003,18884366,15835040.12,14957676.24,877363.8813,3049325.881,0.8385,0.7921,0.0554,0.1615,01-Aug-03
9,Sep,2003,18896349,15818319.61,14954044.97,864274.6419,3078029.387,0.8371,0.7914,0.0546,0.1629,01-Sep-03
10,Oct,2003,18907885,15814349.88,14946311.72,868038.1669,3093535.118,0.8364,0.7905,0.0549,0.1636,01-Oct-03
11,Nov,2004,18919551,15845913.06,14993859.72,852053.3354,3073637.943,0.8375,0.7925,0.0538,0.1625,01-Nov-04
12,Dec,2004,18931567,15868292.83,15025095.13,843197.7025,3063274.165,0.8382,0.7937,0.0531,0.1618,01-Dec-04
1,Jan,2004,18942990,15870266.7,15040303.69,829963.0038,3072723.305,0.8378,0.794,0.0523,0.1622,01-Jan-04
2,Feb,2004,18954671,15866555.28,15036127.43,830427.8498,3088115.718,0.8371,0.7933,0.0523,0.1629,01-Feb-04
3,Mar,2004,18966991,15868614.68,15052532.27,816082.4052,3098376.323,0.8366,0.7936,0.0514,0.1634,01-Mar-04
4,Apr,2004,18978508,15871362.71,15038784.07,832578.6372,3107145.293,0.8363,0.7924,0.0525,0.1637,01-Apr-04
5,May,2004,18989592,15869277.4,15045567.99,823709.4069,3120314.601,0.8357,0.7923,0.0519,0.1643,01-May-04
6,Jun,2004,19006803,15878598.97,15059612.6,818986.3747,3128204.026,0.8354,0.7923,0.0516,0.1646,01-Jun-04
7,Jul,2004,19023545,15890597.08,15084302.91,806294.1675,3132947.923,0.8353,0.7929,0.0507,0.1647,01-Jul-04
8,Aug,2004,19040297,15883378.98,15087824.03,795554.9535,3156918.016,0.8342,0.7924,0.0501,0.1658,01-Aug-04
9,Sep,2004,19057069,15939726.6,15122191.31,817535.2886,3117342.4,0.8364,0.7935,0.0513,0.1636,01-Sep-04
10,Oct,2004,19073547,15962662.84,15138367.15,824295.6883,3110884.16,0.8369,0.7937,0.0516,0.1631,01-Oct-04
11,Nov,2005,19090274,15989490.64,15162398.83,827091.8113,3100783.363,0.8376,0.7942,0.0517,0.1624,01-Nov-05
12,Dec,2005,19107000,15998727.25,15167035.28,831691.9656,3108272.751,0.8373,0.7938,0.052,0.1627,01-Dec-05
1,Jan,2005,19123861,15999381.44,15176921.43,822460.0108,3124479.561,0.8366,0.7936,0.0514,0.1634,01-Jan-05
2,Feb,2005,19140637,15980014.9,15158511.52,821503.3782,3160622.099,0.8349,0.792,0.0514,0.1651,01-Feb-05
3,Mar,2005,19157235,15979870.67,15150377.26,829493.4121,3177364.332,0.8341,0.7908,0.0519,0.1659,01-Mar-05
4,Apr,2005,19173894,15997008.89,15172347.86,824661.0297,3176885.114,0.8343,0.7913,0.0516,0.1657,01-Apr-05
5,May,2005,19190826,16010692.32,15184788.15,825904.165,3180133.684,0.8343,0.7913,0.0516,0.1657,01-May-05
6,Jun,2005,19206655,16032033.03,15199123.06,832909.971,3174621.965,0.8347,0.7913,0.052,0.1653,01-Jun-05
7,Jul,2005,19222324,16048477.59,15214825.34,833652.2564,3173846.406,0.8349,0.7915,0.0519,0.1651,01-Jul-05
8,Aug,2005,19237718,16075023.49,15200391.29,874632.2004,3162694.509,0.8356,0.7901,0.0544,0.1644,01-Aug-05
9,Sep,2005,19253899,16084394.77,15194305.37,890089.4022,3169504.228,0.8354,0.7892,0.0553,0.1646,01-Sep-05
10,Oct,2005,19269525,16105144.68,15194047.94,911096.7393,3164380.322,0.8358,0.7885,0.0566,0.1642,01-Oct-05
11,Nov,2006,19285694,16106018.19,15228434.79,877583.401,3179675.808,0.8351,0.7896,0.0545,0.1649,01-Nov-06
12,Dec,2006,19301014,16136750.92,15235380.22,901370.703,3164263.082,0.8361,0.7894,0.0559,0.1639,01-Dec-06
1,Jan,2006,19317370,16149996.85,15230150.06,919846.7914,3167373.146,0.836,0.7884,0.057,0.164,01-Jan-06
2,Feb,2006,19332759,16204378.55,15268946.49,935432.0589,3128380.452,0.8382,0.7898,0.0577,0.1618,01-Feb-06
3,Mar,2006,19348530,16211661.44,15255517.3,956144.1339,3136868.564,0.8379,0.7885,0.059,0.1621,01-Mar-06
4,Apr,2006,19364278,16221197.83,15262684.67,958513.1586,3143080.168,0.8377,0.7882,0.0591,0.1623,01-Apr-06
5,May,2006,19380438,16264372.93,15303282.62,961090.3097,3116065.073,0.8392,0.7896,0.0591,0.1608,01-May-06
6,Jun,2006,19396699,16295283.85,15341333.18,953950.6719,3101415.152,0.8401,0.7909,0.0585,0.1599,01-Jun-06
7,Jul,2006,19413304,16311219.5,15349351.05,961868.4445,3102084.502,0.8402,0.7907,0.059,0.1598,01-Jul-06
8,Aug,2006,19429662,16309024.4,15344460.81,964563.5901,3120637.601,0.8394,0.7897,0.0591,0.1606,01-Aug-06
9,Sep,2006,19446032,16285294.98,15345216.57,940078.4087,3160737.024,0.8375,0.7891,0.0577,0.1625,01-Sep-06
10,Oct,2006,19462971,16314168.82,15352390.57,961778.2593,3148802.175,0.8382,0.7888,0.059,0.1618,01-Oct-06
11,Nov,2007,19479370,16324206.73,15365778.22,958428.5134,3155163.268,0.838,0.7888,0.0587,0.162,01-Nov-07
12,Dec,2007,19495958,16320188.65,15354574.58,965614.0668,3175769.35,0.8371,0.7876,0.0592,0.1629,01-Dec-07
1,Jan,2007,19512011,16323072.6,15362992.28,960080.3244,3188938.396,0.8366,0.7874,0.0588,0.1634,01-Jan-07
2,Feb,2007,19529072,16338284.92,15382206.8,956078.1206,3190787.084,0.8366,0.7877,0.0585,0.1634,01-Feb-07
3,Mar,2007,19545576,16387487.56,15445415.28,942072.278,3158088.445,0.8384,0.7902,0.0575,0.1616,01-Mar-07
4,Apr,2007,19561755,16366786.73,15439094.68,927692.049,3194968.269,0.8367,0.7892,0.0567,0.1633,01-Apr-07
5,May,2007,19578412,16360829.19,15436556.2,924272.9952,3217582.805,0.8357,0.7884,0.0565,0.1643,01-May-07
6,Jun,2007,19591675,16371786.49,15448794.28,922992.2088,3219888.508,0.8357,0.7885,0.0564,0.1643,01-Jun-07
7,Jul,2007,19605144,16394445.67,15467810.85,926634.821,3210698.326,0.8362,0.789,0.0565,0.1638,01-Jul-07
8,Aug,2007,19618109,16401809.4,15493077.91,908731.4833,3216299.602,0.8361,0.7897,0.0554,0.1639,01-Aug-07
9,Sep,2007,19631201,16442740.5,15528504.61,914235.896,3188460.498,0.8376,0.791,0.0556,0.1624,01-Sep-07
10,Oct,2007,19644316,16438580.23,15535516.41,903063.8162,3205735.77,0.8368,0.7908,0.0549,0.1632,01-Oct-07
11,Nov,2008,19657596,16462614.68,15544812.86,917801.8184,3194981.319,0.8375,0.7908,0.0558,0.1625,01-Nov-08
12,Dec,2008,19671017,16488993.36,15564826.66,924166.7021,3182023.637,0.8382,0.7913,0.056,0.1618,01-Dec-08
1,Jan,2008,19684122,16492124.61,15566834.58,925290.0291,3191997.395,0.8378,0.7908,0.0561,0.1622,01-Jan-08
2,Feb,2008,19697018,16508898.83,15575864.62,933034.2111,3188119.167,0.8381,0.7908,0.0565,0.1619,01-Feb-08
3,Mar,2008,19710512,16500058.47,15575172.64,924885.8303,3210453.531,0.8371,0.7902,0.0561,0.1629,01-Mar-08
4,Apr,2008,19723325,16530193.8,15562574.13,967619.6649,3193131.205,0.8381,0.789,0.0585,0.1619,01-Apr-08
5,May,2008,19737024,16538015.74,15540008.26,998007.4827,3199008.262,0.8379,0.7874,0.0603,0.1621,01-May-08
6,Jun,2008,19745213,16523004.33,15487412.35,1035591.982,3222208.665,0.8368,0.7844,0.0627,0.1632,01-Jun-08
7,Jul,2008,19752782,16532590.34,15472017.34,1060573.003,3220191.659,0.837,0.7833,0.0642,0.163,01-Jul-08
8,Aug,2008,19761236,16512375.86,15427938.85,1084437.012,3248860.137,0.8356,0.7807,0.0657,0.1644,01-Aug-08
9,Sep,2008,19769148,16569846.05,15437588.66,1132257.382,3199301.954,0.8382,0.7809,0.0683,0.1618,01-Sep-08
10,Oct,2008,19776998,16600084.43,15419973.67,1180110.765,3176913.567,0.8394,0.7797,0.0711,0.1606,01-Oct-08
11,Nov,2009,19784714,16626457.63,15412909.3,1213548.328,3158256.37,0.8404,0.779,0.073,0.1596,01-Nov-09
12,Dec,2009,19792939,16609871.48,15350215.31,1259656.17,3183067.521,0.8392,0.7755,0.0758,0.1608,01-Dec-09
1,Jan,2009,19800795,16627228.59,15303853.28,1323375.316,3173566.409,0.8397,0.7729,0.0796,0.1603,01-Jan-09
2,Feb,2009,19809014,16611439.16,15241722.42,1369716.735,3197574.84,0.8386,0.7694,0.0825,0.1614,01-Feb-09
3,Mar,2009,19816925,16573396.49,15134822.57,1438573.92,3243528.507,0.8363,0.7637,0.0868,0.1637,01-Mar-09
4,Apr,2009,19824768,16550161.3,15075254.44,1474906.858,3274606.704,0.8348,0.7604,0.0891,0.1652,01-Apr-09
5,May,2009,19832837,16527844.4,15024065.84,1503778.56,3304992.595,0.8334,0.7575,0.091,0.1666,01-May-09
6,Jun,2009,19843901,16533454.62,15018218.33,1515236.292,3310446.38,0.8332,0.7568,0.0916,0.1668,01-Jun-09
7,Jul,2009,19855004,16500125.78,14996353.61,1503772.171,3354878.222,0.831,0.7553,0.0911,0.169,01-Jul-09
8,Aug,2009,19866197,16496582.76,14993930.11,1502652.65,3369614.242,0.8304,0.7547,0.0911,0.1696,01-Aug-09
9,Sep,2009,19876873,16457195.61,14981990.83,1475204.778,3419677.389,0.828,0.7537,0.0896,0.172,01-Sep-09
10,Oct,2009,19887955,16448110.28,14979274.31,1468835.969,3439844.725,0.827,0.7532,0.0893,0.173,01-Oct-09
11,Nov,2010,19898831,16416422.15,14943569.13,1472853.023,3482408.852,0.825,0.751,0.0897,0.175,01-Nov-10
12,Dec,2010,19909914,16432530.14,14932025.92,1500504.219,3477383.861,0.8253,0.75,0.0913,0.1747,01-Dec-10
1,Jan,2010,19920674,16447743.85,14924322.97,1523420.873,3472930.152,0.8257,0.7492,0.0926,0.1743,01-Jan-10
2,Feb,2010,19931887,16455694.76,14948701.39,1506993.371,3476192.24,0.8256,0.75,0.0916,0.1744,01-Feb-10
3,Mar,2010,19943124,16509709.71,15026947.72,1482761.994,3433414.29,0.8278,0.7535,0.0898,0.1722,01-Mar-10
4,Apr,2010,19953902,16515364.66,15054037.01,1461327.65,3438537.343,0.8277,0.7544,0.0885,0.1723,01-Apr-10
5,May,2010,19965199,16560137.41,15119566.19,1440571.225,3405061.588,0.8295,0.7573,0.087,0.1705,01-May-10
6,Jun,2010,19976775,16566511.58,15141952.73,1424558.849,3410263.418,0.8293,0.758,0.086,0.1707,01-Jun-10
7,Jul,2010,19988234,16594834.24,15177878.3,1416955.945,3393399.757,0.8302,0.7593,0.0854,0.1698,01-Jul-10
8,Aug,2010,20000206,16588539.07,15148053.28,1440485.786,3411666.932,0.8294,0.7574,0.0868,0.1706,01-Aug-10
9,Sep,2010,20011781,16572146.35,15118658.5,1453487.852,3439634.647,0.8281,0.7555,0.0877,0.1719,01-Sep-10
10,Oct,2010,20023640,16591625.29,15150003.82,1441621.465,3432014.714,0.8286,0.7566,0.0869,0.1714,01-Oct-10
11,Nov,2011,20034900,16628100.61,15174718.26,1453382.344,3406799.392,0.83,0.7574,0.0874,0.17,01-Nov-11
12,Dec,2011,20046889,16627001.4,15194200.35,1432801.051,3419887.603,0.8294,0.7579,0.0862,0.1706,01-Dec-11
1,Jan,2011,20058447,16599184.39,15175419.14,1423765.249,3459262.614,0.8275,0.7566,0.0858,0.1725,01-Jan-11
2,Feb,2011,20070038,16619028.7,15204418,1414610.701,3451009.296,0.8281,0.7576,0.0851,0.1719,01-Feb-11
3,Mar,2011,20081873,16630082.61,15200796.72,1429285.893,3451790.391,0.8281,0.7569,0.0859,0.1719,01-Mar-11
4,Apr,2011,20093215,16636989.15,15186831.53,1450157.618,3456225.855,0.828,0.7558,0.0872,0.172,01-Apr-11
5,May,2011,20105287,16578755.4,15127765.64,1450989.762,3526531.601,0.8246,0.7524,0.0875,0.1754,01-May-11
6,Jun,2011,20102585.14,16608492.53,15113527.51,1494965.016,3494092.606,0.8262,0.7518,0.09,0.1738,01-Jun-11
7,Jul,2011,20099107.27,16591338.88,15062857.47,1528481.412,3507768.389,0.8255,0.7494,0.0921,0.1745,01-Jul-11
8,Aug,2011,20096029.41,16601775.28,15074787.61,1526987.672,3494254.127,0.8261,0.7501,0.092,0.1739,01-Aug-11
9,Sep,2011,20092982.54,16614745.91,15072825.25,1541920.653,3478236.637,0.8269,0.7502,0.0928,0.1731,01-Sep-11
10,Oct,2011,20090058.68,16624621.4,15097747.35,1526874.047,3465437.282,0.8275,0.7515,0.0918,0.1725,01-Oct-11
11,Nov,2012,20086854.82,16624757.05,15110528.73,1514228.32,3462097.77,0.8276,0.7523,0.0911,0.1724,01-Nov-12
12,Dec,2012,20084054.95,16649872.05,15156951.19,1492920.859,3434182.906,0.829,0.7547,0.0897,0.171,01-Dec-12
1,Jan,2012,20080859.09,16654590.73,15173419.18,1481171.553,3426268.359,0.8294,0.7556,0.0889,0.1706,01-Jan-12
2,Feb,2012,20078229.22,16660145.43,15184813.38,1475332.051,3418083.791,0.8298,0.7563,0.0886,0.1702,01-Feb-12
3,Mar,2012,20074670.36,16680645.28,15214268.59,1466376.695,3394025.078,0.8309,0.7579,0.0879,0.1691,01-Mar-12
4,Apr,2012,20071911.5,16727014.37,15276388.44,1450625.936,3344897.124,0.8334,0.7611,0.0867,0.1666,01-Apr-12
5,May,2012,20068876.63,16747887.59,15284541.27,1463346.314,3320989.044,0.8345,0.7616,0.0874,0.1655,01-May-12
6,Jun,2012,20070163.13,16752475.79,15321308.61,1431167.183,3317687.34,0.8347,0.7634,0.0854,0.1653,01-Jun-12
7,Jul,2012,20072280.63,16730943.4,15314611.83,1416331.57,3341337.228,0.8335,0.763,0.0847,0.1665,01-Jul-12
8,Aug,2012,20073537.13,16718584.57,15304246.28,1414338.291,3354952.552,0.8329,0.7624,0.0846,0.1671,01-Aug-12
9,Sep,2012,20074930.62,16724972.81,15326086.95,1398885.86,3349957.811,0.8331,0.7634,0.0836,0.1669,01-Sep-12
10,Oct,2012,20076701.12,16733216.3,15332038.18,1401178.127,3343484.815,0.8335,0.7637,0.0837,0.1665,01-Oct-12
11,Nov,2013,20078552.62,16733788.04,15312064.62,1421723.417,3344764.58,0.8334,0.7626,0.085,0.1666,01-Nov-13
12,Dec,2013,20080039.11,16684151.37,15249052.74,1435098.629,3395887.744,0.8309,0.7594,0.086,0.1691,01-Dec-13
1,Jan,2013,20081663.61,16666347.83,15242893.32,1423454.508,3415315.782,0.8299,0.759,0.0854,0.1701,01-Jan-13
2,Feb,2013,20083822.11,16660397.84,15253285.58,1407112.264,3423424.266,0.8295,0.7595,0.0845,0.1705,01-Feb-13
3,Mar,2013,20085081.61,16667140.66,15254712.62,1412428.047,3417940.943,0.8298,0.7595,0.0847,0.1702,01-Mar-13
4,Apr,2013,20086989.1,16698753.76,15282908.81,1415844.952,3388235.343,0.8313,0.7608,0.0848,0.1687,01-Apr-13
5,May,2013,20088147.6,16722767.18,15318620.25,1404146.932,3365380.424,0.8325,0.7626,0.084,0.1675,01-May-13
6,Jun,2013,20092624.86,16747536.12,15347941.23,1399594.892,3345088.736,0.8335,0.7639,0.0836,0.1665,01-Jun-13
7,Jul,2013,20096834.12,16776870.26,15404016.79,1372853.475,3319963.854,0.8348,0.7665,0.0818,0.1652,01-Jul-13
8,Aug,2013,20101526.37,16762730.08,15431747.3,1330982.775,3338796.299,0.8339,0.7677,0.0794,0.1661,01-Aug-13
9,Sep,2013,20106123.63,16780059.44,15482984.21,1297075.222,3326064.196,0.8346,0.7701,0.0773,0.1654,01-Sep-13
10,Oct,2013,20110702.89,16766294.37,15461193.64,1305100.724,3344408.523,0.8337,0.7688,0.0778,0.1663,01-Oct-13
11,Nov,2014,20115046.15,16771894.43,15500180.28,1271714.157,3343151.714,0.8338,0.7706,0.0758,0.1662,01-Nov-14
12,Dec,2014,20119590.41,16784105.47,15540931.7,1243173.771,3335484.937,0.8342,0.7724,0.0741,0.1658,01-Dec-14
1,Jan,2014,20124280.66,16778536.07,15565043.88,1213492.185,3345744.598,0.8337,0.7734,0.0723,0.1663,01-Jan-14
2,Feb,2014,20128346.92,16798969.85,15612850.12,1186119.731,3329377.069,0.8346,0.7757,0.0706,0.1654,01-Feb-14
3,Mar,2014,20132772.18,16802698.71,15663896.98,1138801.727,3330073.469,0.8346,0.778,0.0678,0.1654,01-Mar-14
4,Apr,2014,20137506.44,16779575.5,15656993.65,1122581.851,3357930.94,0.8332,0.7775,0.0669,0.1668,01-Apr-14
5,May,2014,20141916.69,16743598,15639601.42,1103996.579,3398318.694,0.8313,0.7765,0.0659,0.1687,01-May-14
6,Jun,2014,20149507.86,16775725.65,15690967.23,1084758.416,3373782.211,0.8326,0.7787,0.0647,0.1674,01-Jun-14
7,Jul,2014,20157192.02,16788259.91,15714318.12,1073941.785,3368932.114,0.8329,0.7796,0.064,0.1671,01-Jul-14
8,Aug,2014,20164887.18,16762841.1,15689411.23,1073429.876,3402046.078,0.8313,0.7781,0.064,0.1687,01-Aug-14
9,Sep,2014,20172435.35,16737213.51,15681871.7,1055341.813,3435221.836,0.8297,0.7774,0.0631,0.1703,01-Sep-14
10,Oct,2014,20180043.51,16742486.43,15714252.29,1028234.142,3437557.081,0.8297,0.7787,0.0614,0.1703,01-Oct-14
11,Nov,2015,20187349.67,16759345.91,15748538.57,1010807.339,3428003.763,0.8302,0.7801,0.0603,0.1698,01-Nov-15
12,Dec,2015,20194742.83,16788533.47,15786765.52,1001767.955,3406209.363,0.8313,0.7817,0.0597,0.1687,01-Dec-15
1,Jan,2015,20202168,16796470.59,15806801.26,989669.3222,3405697.412,0.8314,0.7824,0.0589,0.1686,01-Jan-15
2,Feb,2015,20209880.16,16781852.28,15788060.63,993791.6502,3428027.881,0.8304,0.7812,0.0592,0.1696,01-Feb-15
3,Mar,2015,20217264.32,16754673.7,15760944.51,993729.1903,3462590.624,0.8287,0.7796,0.0593,0.1713,01-Mar-15
4,Apr,2015,20224990.49,16786829.09,15784777.41,1002051.687,3438161.394,0.83,0.7805,0.0597,0.17,01-Apr-15
5,May,2015,20232600.65,16794212.5,15819213.69,974998.8135,3438388.147,0.8301,0.7819,0.0581,0.1699,01-May-15
6,Jun,2015,20240255.75,16827880.95,15866183.49,961697.4665,3412374.794,0.8314,0.7839,0.0571,0.1686,01-Jun-15
7,Jul,2015,20247935.84,16848596.31,15898775.29,949821.0112,3399339.539,0.8321,0.7852,0.0564,0.1679,01-Jul-15
8,Aug,2015,20256106.94,16911743.48,15986336.61,925406.8698,3344363.462,0.8349,0.7892,0.0547,0.1651,01-Aug-15
9,Sep,2015,20263409.04,16917701.6,16002307.11,915394.494,3345707.439,0.8349,0.7897,0.0541,0.1651,01-Sep-15
10,Oct,2015,20271360.14,16935330.14,16022890.1,912440.0397,3336030.002,0.8354,0.7904,0.0539,0.1646,01-Oct-15
11,Nov,2016,20279058.23,16926331.85,16012624.27,913707.5774,3352726.389,0.8347,0.7896,0.054,0.1653,01-Nov-16
12,Dec,2016,20286861.33,16952336.62,16028247.32,924089.3034,3334524.711,0.8356,0.7901,0.0545,0.1644,01-Dec-16
1,Jan,2016,20294939.43,16943643.48,16036382.92,907260.5598,3351295.952,0.8349,0.7902,0.0535,0.1651,01-Jan-16
2,Feb,2016,20302696.53,16939394.88,16052318.97,887075.9194,3363301.643,0.8343,0.7906,0.0524,0.1657,01-Feb-16
3,Mar,2016,20310475.62,16940138.54,16050298.72,889839.8228,3370337.085,0.8341,0.7902,0.0525,0.1659,01-Mar-16
4,Apr,2016,20318095.72,16962770.34,16077717.78,885052.5689,3355325.377,0.8349,0.7913,0.0522,0.1651,01-Apr-16
5,May,2016,20325728.82,16983083.03,16084798.46,898284.5692,3342645.793,0.8355,0.7914,0.0529,0.1645,01-May-16
6,Jun,2016,20328949.44,17006514.71,16109908.54,896606.1723,3322434.724,0.8366,0.7925,0.0527,0.1634,01-Jun-16
7,Jul,2016,20332042.06,16948324.25,16069938.07,878386.1862,3383717.804,0.8336,0.7904,0.0518,0.1664,01-Jul-16
8,Aug,2016,20334629.67,16929439.55,16050001.62,879437.9285,3405190.123,0.8325,0.7893,0.0519,0.1675,01-Aug-16
9,Sep,2016,20337868.29,16928284.14,16052154.06,876130.0854,3409584.148,0.8324,0.7893,0.0518,0.1676,01-Sep-16
10,Oct,2016,20340986.91,16946719.63,16080057.33,866662.2963,3394267.28,0.8331,0.7905,0.0511,0.1669,01-Oct-16
11,Nov,2017,20343939.53,16953381.15,16095224.48,858156.6775,3390558.373,0.8333,0.7912,0.0506,0.1667,01-Nov-17
12,Dec,2017,20346858.14,16951737.95,16106575.5,845162.4488,3395120.193,0.8331,0.7916,0.0499,0.1669,01-Dec-17
1,Jan,2017,20349541.76,16962857.84,16126267.25,836590.5889,3386683.923,0.8336,0.7925,0.0493,0.1664,01-Jan-17
2,Feb,2017,20352772.38,16947410.58,16121422.3,825988.2726,3405361.802,0.8327,0.7921,0.0487,0.1673,01-Feb-17
3,Mar,2017,20355910,16962484.2,16145865.54,816618.664,3393425.795,0.8333,0.7932,0.0481,0.1667,01-Mar-17
4,Apr,2017,20358738.61,17001172.08,16195989.8,805182.2833,3357566.533,0.8351,0.7955,0.0474,0.1649,01-Apr-17
5,May,2017,20361736.23,16972906.93,16193908.75,778998.1865,3388829.298,0.8336,0.7953,0.0459,0.1664,01-May-17
6,Jun,2017,20364141.31,16939713.54,16172191.57,767521.9694,3424427.771,0.8318,0.7942,0.0453,0.1682,01-Jun-17
7,Jul,2017,20366550.39,16896254.93,16136140.94,760113.9915,3470295.461,0.8296,0.7923,0.045,0.1704,01-Jul-17
8,Aug,2017,20369057.47,16895622.27,16129444.82,766177.4534,3473435.202,0.8295,0.7919,0.0453,0.1705,01-Aug-17
9,Sep,2017,20371418.56,16986602.59,16228081.08,758521.5114,3384815.969,0.8338,0.7966,0.0447,0.1662,01-Sep-17
10,Oct,2017,20373801.64,16942942.94,16176998.69,765944.2418,3430858.701,0.8316,0.794,0.0452,0.1684,01-Oct-17
11,Nov,2018,20376032.72,16946791.89,16202114.56,744677.3324,3429240.829,0.8317,0.7952,0.0439,0.1683,01-Nov-18
12,Dec,2018,20378446.8,16951772.29,16214353.19,737419.0979,3426674.512,0.8318,0.7957,0.0435,0.1682,01-Dec-18
1,Jan,2018,20380748.88,16995727.18,16256940.92,738786.2637,3385021.696,0.8339,0.7977,0.0435,0.1661,01-Jan-18
2,Feb,2018,20383087.96,17003334.45,16245936.32,757398.1287,3379753.508,0.8342,0.797,0.0445,0.1658,01-Feb-18
3,Mar,2018,20385720.04,17016504.81,16270404.52,746100.2862,3369215.235,0.8347,0.7981,0.0438,0.1653,01-Mar-18
4,Apr,2018,20388048.12,16995341.18,16277312.04,718029.1431,3392706.941,0.8336,0.7984,0.0422,0.1664,01-Apr-18
5,May,2018,20390590.2,16988308.84,16274463.69,713845.1521,3402281.364,0.8331,0.7981,0.042,0.1669,01-May-18
6,Jun,2018,20394091.17,17009900.42,16284276.73,725623.6936,3384190.747,0.8341,0.7985,0.0427,0.1659,01-Jun-18
7,Jul,2018,20398051.13,17020028.8,16277847.46,742181.3354,3378022.336,0.8344,0.798,0.0436,0.1656,01-Jul-18
8,Aug,2018,20401955.09,17056791.67,16318207.18,738584.4872,3345163.427,0.836,0.7998,0.0433,0.164,01-Aug-18
9,Sep,2018,20405863.06,17060084.34,16325573.84,734510.5066,3345778.714,0.836,0.8,0.0431,0.164,01-Sep-18
10,Oct,2018,20409648.02,17069570.69,16329446.13,740124.562,3340077.33,0.8363,0.8001,0.0434,0.1637,01-Oct-18
11,Nov,2019,20413705.98,17089549.21,16368673.3,720875.9121,3324156.778,0.8372,0.8018,0.0422,0.1628,01-Nov-19
12,Dec,2019,20417236.95,17091762.59,16366915.33,724847.2538,3325474.361,0.8371,0.8016,0.0424,0.1629,01-Dec-19
1,Jan,2019,20421248.91,17030772.39,16334556.54,696215.8525,3390476.521,0.834,0.7999,0.0409,0.166,01-Jan-19
2,Feb,2019,20425182.88,17046631.67,16332015.51,714616.1589,3378551.202,0.8346,0.7996,0.0419,0.1654,01-Feb-19
3,Mar,2019,20428942.84,17021664.66,16312080.32,709584.344,3407278.178,0.8332,0.7985,0.0417,0.1668,01-Mar-19
4,Apr,2019,20432800.8,17039512.23,16301733.46,737778.7702,3393288.576,0.8339,0.7978,0.0433,0.1661,01-Apr-19
5,May,2019,20436827.77,17031993.16,16324789.28,707203.88,3404834.608,0.8334,0.7988,0.0415,0.1666,01-May-19
6,Jun,2019,20439722.78,17032002.12,16309496.11,722506.0023,3407720.659,0.8333,0.7979,0.0424,0.1667,01-Jun-19
7,Jul,2019,20442325.78,17067901.08,16342974.64,724926.4405,3374424.706,0.8349,0.7995,0.0425,0.1651,01-Jul-19
8,Aug,2019,20445255.79,17061927.49,16356850.47,705077.0159,3383328.305,0.8345,0.8,0.0413,0.1655,01-Aug-19
9,Sep,2019,20448115.8,17078246.86,16359449.65,718797.2145,3369868.943,0.8352,0.8,0.0421,0.1648,01-Sep-19
10,Oct,2019,20450890.81,17090606.29,16398499.92,692106.3767,3360284.519,0.8357,0.8018,0.0405,0.1643,01-Oct-19
11,Nov,2020,20453774.82,17107726.4,16376328.91,731397.4855,3346048.426,0.8364,0.8007,0.0428,0.1636,01-Nov-20
12,Dec,2020,20456677.83,17129493.63,16383033.65,746459.9764,3327184.204,0.8374,0.8009,0.0436,0.1626,01-Dec-20
1,Jan,2020,20444615.84,17065396.96,16317007.19,748389.7768,3379218.879,0.8347,0.7981,0.0439,0.1653,01-Jan-20
2,Feb,2020,20430188.85,16988704.17,16231808.01,756896.1614,3441484.68,0.8315,0.7945,0.0446,0.1685,01-Feb-20
3,Mar,2020,20428252.86,16954781.6,16203050.5,751731.0999,3473471.261,0.83,0.7932,0.0443,0.17,01-Mar-20
4,Apr,2020,20422838.87,16923618.76,16168637.15,754981.6017,3499220.114,0.8287,0.7917,0.0446,0.1713,01-Apr-20
5,May,2020,20442443.88,16939266.34,16132844.1,806422.2354,3503177.541,0.8286,0.7892,0.0476,0.1714,01-May-20
6,Jun,2020,20454310.55,16912282.22,16037172.39,875109.8247,3542028.333,0.8268,0.784,0.0517,0.1732,01-Jun-20
7,Jul,2020,20459939.22,16841336.86,15913662.1,927674.7572,3618602.36,0.8231,0.7778,0.0551,0.1769,01-Jul-20
8,Aug,2020,20462837.89,16822992.63,15876692.22,946300.404,3639845.26,0.8221,0.7759,0.0563,0.1779,01-Aug-20
9,Sep,2020,20459064.56,16844608.84,15892712.8,951896.0435,3614455.712,0.8233,0.7768,0.0565,0.1767,01-Sep-20
10,Oct,2020,20456318.22,16774016.99,15820827.28,953189.7189,3682301.23,0.82,0.7734,0.0568,0.18,01-Oct-20
11,Nov,2021,20451241.89,16742250.16,15805936.6,936313.5534,3708991.736,0.8186,0.7729,0.0559,0.1814,01-Nov-21
12,Dec,2021,20453767.56,16725887.34,15800906.66,924980.6767,3727880.221,0.8177,0.7725,0.0553,0.1823,01-Dec-21
1,Jan,2021,20453793.23,16703959.19,15801338.5,902620.6906,3749834.044,0.8167,0.7725,0.054,0.1833,01-Jan-21
2,Feb,2021,20455495.9,16675095.75,15789494.19,885601.5618,3780400.147,0.8152,0.7719,0.0531,0.1848,01-Feb-21
3,Mar,2021,20463368.57,16715733.65,15845129,870604.6447,3747634.924,0.8169,0.7743,0.0521,0.1831,01-Mar-21
4,Apr,2021,20467907.24,16747963.05,15886468.74,861494.3128,3719944.185,0.8183,0.7762,0.0514,0.1817,01-Apr-21
5,May,2021,20493852.91,16789054.64,15948359.72,840694.9215,3704798.268,0.8192,0.7782,0.0501,0.1808,01-May-21
6,Jun,2021,20515125.42,16803778.79,15988949,814829.7933,3711346.629,0.8191,0.7794,0.0485,0.1809,01-Jun-21
7,Jul,2021,20530382.94,16813226.87,16041676.31,771550.5583,3717156.072,0.8189,0.7814,0.0459,0.1811,01-Jul-21
8,Aug,2021,20544180.45,16829770.36,16073341.98,756428.3791,3714410.094,0.8192,0.7824,0.0449,0.1808,01-Aug-21
9,Sep,2021,20546317.97,16819835.69,16074059.2,745776.4941,3726482.276,0.8186,0.7823,0.0443,0.1814,01-Sep-21
10,Oct,2021,20549429.48,16810608.22,16076349.4,734258.8229,3738821.262,0.8181,0.7823,0.0437,0.1819,01-Oct-21
11,Nov,2022,20553453,16809660.11,16069290.83,740369.28,3743792.885,0.8179,0.7818,0.044,0.1821,01-Nov-22
12,Dec,2022,20566882.51,16811931.74,16097930.09,714001.6512,3754950.773,0.8174,0.7827,0.0425,0.1826,01-Dec-22
1,Jan,2022,20583739.03,16848153.86,16149813.62,698340.2357,3735585.168,0.8185,0.7846,0.0414,0.1815,01-Jan-22
2,Feb,2022,20595716.54,16861193.91,16158563.78,702630.1271,3734522.633,0.8187,0.7846,0.0417,0.1813,01-Feb-22
3,Mar,2022,20613745.06,16919330.6,16216046,703284.6029,3694414.459,0.8208,0.7867,0.0416,0.1792,01-Mar-22
4,Apr,2022,20628652.57,16862698.8,16157008.2,705690.5995,3765953.774,0.8174,0.7832,0.0418,0.1826,01-Apr-22
5,May,2022,20665185.09,16830293.01,16167378.83,662914.1717,3834892.084,0.8144,0.7823,0.0394,0.1856,01-May-22
6,Jun,2022,20678431.54,16825878.23,16191309.01,634569.2212,3852553.31,0.8137,0.783,0.0377,0.1863,01-Jun-22
7,Jul,2022,20686290,16850520.72,16194426.84,656093.8752,3835769.282,0.8146,0.7829,0.0389,0.1854,01-Jul-22
8,Aug,2022,20694652,16917276.76,16230027.36,687249.4033,3777375.239,0.8175,0.7843,0.0406,0.1825,01-Aug-22
9,Sep,2022,20702763,16960116.2,16285333.25,674782.9512,3742646.8,0.8192,0.7866,0.0398,0.1808,01-Sep-22
10,Oct,2022,20711015,16966246.55,16280847.87,685398.683,3744768.446,0.8192,0.7861,0.0404,0.1808,01-Oct-22
11,Nov,2023,20719612,17003513.4,16323016.55,680496.8545,3716098.6,0.8206,0.7878,0.04,0.1794,01-Nov-23
12,Dec,2023,20727773,17013658.87,16318365.9,695292.9675,3714114.131,0.8208,0.7873,0.0409,0.1792,01-Dec-23
1,Jan,2023,20736006,17105768.83,16363086.77,742682.0589,3630237.17,0.8249,0.7891,0.0434,0.1751,01-Jan-23
2,Feb,2023,20744333,17110114.66,16388635.2,721479.4578,3634218.344,0.8248,0.79,0.0422,0.1752,01-Feb-23
3,Mar,2023,20752628,17179210.66,16405904.31,773306.3519,3573417.341,0.8278,0.7905,0.045,0.1722,01-Mar-23
4,Apr,2023,20760944,17122302.92,16340060.61,782242.3057,3638641.082,0.8247,0.7871,0.0457,0.1753,01-Apr-23
5,May,2023,20769212,17032640.3,16212295.71,820344.5882,3736571.702,0.8201,0.7806,0.0482,0.1799,01-May-23
6,Jun,2023,20777711,16937218.77,16144030.84,793187.9332,3840492.228,0.8152,0.777,0.0468,0.1848,01-Jun-23
7,Jul,2023,20786163,16965379.25,16193711.11,771668.1336,3820783.753,0.8162,0.7791,0.0455,0.1838,01-Jul-23
8,Aug,2023,20794891,16974418.04,16231442.41,742975.6264,3820472.962,0.8163,0.7805,0.0438,0.1837,01-Aug-23
9,Sep,2023,20803211,16960609.1,16224136.74,736472.3641,3842601.899,0.8153,0.7799,0.0434,0.1847,01-Sep-23
10,Oct,2023,20811675,16973577.87,16246929.31,726648.5633,3838097.131,0.8156,0.7807,0.0428,0.1844,01-Oct-23
11,Nov,2024,20820442,16971300.65,16234916.5,736384.1548,3849141.348,0.8151,0.7798,0.0434,0.1849,01-Nov-24
12,Dec,2024,20828675,16905458.96,16144240.12,761218.8437,3923216.04,0.8116,0.7751,0.045,0.1884,01-Dec-24
1,Jan,2024,20837193,16910616.77,16134454.76,776162.0078,3926576.229,0.8116,0.7743,0.0459,0.1884,01-Jan-24
2,Feb,2024,20845888,16899932.18,16079714.39,820217.7899,3945955.822,0.8107,0.7714,0.0485,0.1893,01-Feb-24
3,Mar,2024,20854156,16902607.77,16072781.91,829825.8643,3951548.225,0.8105,0.7707,0.0491,0.1895,01-Mar-24
