Month Name,Year,Overall,Total economically active,Total in employment,Unemployed,Economically inactive,Economic activity %,Employment %,Unemployment %,Economic inactivity %,Month,Year and Month Comb
Jan,1971,33559000,25187000,24219000,967000,8373000,0.751,0.722,0.038,0.249,1,01-Jan-71
Feb,1971,33565000,25172000,24187000,985000,8393000,0.75,0.721,0.039,0.25,2,01-Feb-71
Mar,1971,33570000,25180000,24171000,1009000,8390000,0.75,0.72,0.04,0.25,3,01-Mar-71
Apr,1971,33576000,25199000,24168000,1031000,8377000,0.751,0.72,0.041,0.249,4,01-Apr-71
May,1971,33581000,25202000,24153000,1049000,8380000,0.75,0.719,0.042,0.25,5,01-May-71
Jun,1971,33586000,25180000,24125000,1055000,8406000,0.75,0.718,0.042,0.25,6,01-Jun-71
Jul,1971,33589000,25148000,24085000,1063000,8440000,0.749,0.717,0.042,0.251,7,01-Jul-71
Aug,1971,33591000,25124000,24046000,1077000,8467000,0.748,0.716,0.043,0.252,8,01-Aug-71
Sep,1971,33594000,25115000,24015000,1100000,8479000,0.748,0.715,0.044,0.252,9,01-Sep-71
Oct,1971,33596000,25137000,24017000,1120000,8459000,0.748,0.715,0.045,0.252,10,01-Oct-71
Nov,1972,33598000,25163000,24032000,1130000,8436000,0.749,0.715,0.045,0.251,11,01-Nov-72
Dec,1972,33601000,25207000,24071000,1136000,8394000,0.75,0.716,0.045,0.25,12,01-Dec-72
Jan,1972,33603000,25257000,24115000,1142000,8346000,0.752,0.718,0.045,0.248,1,01-Jan-72
Feb,1972,33606000,25296000,24148000,1148000,8310000,0.753,0.719,0.045,0.247,2,01-Feb-72
Mar,1972,33608000,25300000,24158000,1142000,8309000,0.753,0.719,0.045,0.247,3,01-Mar-72
Apr,1972,33611000,25281000,24155000,1126000,8329000,0.752,0.719,0.045,0.248,4,01-Apr-72
May,1972,33613000,25262000,24154000,1108000,8352000,0.752,0.719,0.044,0.248,5,01-May-72
Jun,1972,33616000,25259000,24164000,1094000,8357000,0.751,0.719,0.043,0.249,6,01-Jun-72
Jul,1972,33620000,25279000,24192000,1087000,8341000,0.752,0.72,0.043,0.248,7,01-Jul-72
Aug,1972,33624000,25299000,24220000,1079000,8325000,0.752,0.72,0.043,0.248,8,01-Aug-72
Sep,1972,33628000,25325000,24253000,1072000,8303000,0.753,0.721,0.042,0.247,9,01-Sep-72
Oct,1972,33632000,25344000,24288000,1056000,8288000,0.754,0.722,0.042,0.246,10,01-Oct-72
Nov,1973,33636000,25381000,24346000,1035000,8255000,0.755,0.724,0.041,0.245,11,01-Nov-73
Dec,1973,33640000,25422000,24412000,1010000,8218000,0.756,0.726,0.04,0.244,12,01-Dec-73
Jan,1973,33644000,25477000,24488000,989000,8167000,0.757,0.728,0.039,0.243,1,01-Jan-73
Feb,1973,33648000,25515000,24541000,974000,8133000,0.758,0.729,0.038,0.242,2,01-Feb-73
Mar,1973,33652000,25528000,24565000,964000,8123000,0.759,0.73,0.038,0.241,3,01-Mar-73
Apr,1973,33656000,25520000,24564000,955000,8136000,0.758,0.73,0.037,0.242,4,01-Apr-73
May,1973,33659000,25497000,24552000,944000,8163000,0.757,0.729,0.037,0.243,5,01-May-73
Jun,1973,33663000,25478000,24548000,931000,8185000,0.757,0.729,0.037,0.243,6,01-Jun-73
Jul,1973,33666000,25468000,24554000,914000,8198000,0.756,0.729,0.036,0.244,7,01-Jul-73
Aug,1973,33668000,25461000,24561000,900000,8207000,0.756,0.729,0.035,0.244,8,01-Aug-73
Sep,1973,33670000,25461000,24573000,888000,8209000,0.756,0.73,0.035,0.244,9,01-Sep-73
Oct,1973,33673000,25455000,24580000,875000,8218000,0.756,0.73,0.034,0.244,10,01-Oct-73
Nov,1974,33675000,25453000,24575000,879000,8222000,0.756,0.73,0.035,0.244,11,01-Nov-74
Dec,1974,33677000,25460000,24569000,891000,8217000,0.756,0.73,0.035,0.244,12,01-Dec-74
Jan,1974,33680000,25474000,24563000,910000,8206000,0.756,0.729,0.036,0.244,1,01-Jan-74
Feb,1974,33682000,25481000,24563000,918000,8201000,0.757,0.729,0.036,0.243,2,01-Feb-74
Mar,1974,33684000,25484000,24564000,920000,8200000,0.757,0.729,0.036,0.243,3,01-Mar-74
Apr,1974,33686000,25499000,24575000,924000,8187000,0.757,0.73,0.036,0.243,4,01-Apr-74
May,1974,33689000,25520000,24592000,928000,8169000,0.758,0.73,0.036,0.242,5,01-May-74
Jun,1974,33691000,25557000,24620000,938000,8134000,0.759,0.731,0.037,0.241,6,01-Jun-74
Jul,1974,33696000,25581000,24636000,944000,8115000,0.759,0.731,0.037,0.241,7,01-Jul-74
Aug,1974,33702000,25599000,24647000,952000,8102000,0.76,0.731,0.037,0.24,8,01-Aug-74
Sep,1974,33707000,25600000,24644000,956000,8106000,0.76,0.731,0.037,0.24,9,01-Sep-74
Oct,1974,33712000,25597000,24635000,963000,8115000,0.759,0.731,0.038,0.241,10,01-Oct-74
Nov,1975,33717000,25589000,24613000,976000,8128000,0.759,0.73,0.038,0.241,11,01-Nov-75
Dec,1975,33723000,25586000,24592000,993000,8137000,0.759,0.729,0.039,0.241,12,01-Dec-75
Jan,1975,33728000,25592000,24576000,1016000,8136000,0.759,0.729,0.04,0.241,1,01-Jan-75
Feb,1975,33733000,25597000,24555000,1042000,8137000,0.759,0.728,0.041,0.241,2,01-Feb-75
Mar,1975,33739000,25621000,24544000,1076000,8118000,0.759,0.727,0.042,0.241,3,01-Mar-75
Apr,1975,33744000,25647000,24534000,1112000,8097000,0.76,0.727,0.043,0.24,4,01-Apr-75
May,1975,33749000,25673000,24524000,1149000,8077000,0.761,0.727,0.045,0.239,5,01-May-75
Jun,1975,33753000,25692000,24513000,1179000,8061000,0.761,0.726,0.046,0.239,6,01-Jun-75
Jul,1975,33764000,25704000,24496000,1207000,8060000,0.761,0.726,0.047,0.239,7,01-Jul-75
Aug,1975,33774000,25723000,24484000,1239000,8051000,0.762,0.725,0.048,0.238,8,01-Aug-75
Sep,1975,33785000,25735000,24463000,1273000,8050000,0.762,0.724,0.049,0.238,9,01-Sep-75
Oct,1975,33796000,25751000,24446000,1305000,8044000,0.762,0.723,0.051,0.238,10,01-Oct-75
Nov,1976,33806000,25758000,24429000,1329000,8049000,0.762,0.723,0.052,0.238,11,01-Nov-76
Dec,1976,33817000,25760000,24412000,1349000,8057000,0.762,0.722,0.052,0.238,12,01-Dec-76
Jan,1976,33828000,25759000,24395000,1365000,8068000,0.761,0.721,0.053,0.239,1,01-Jan-76
Feb,1976,33838000,25756000,24378000,1378000,8083000,0.761,0.72,0.053,0.239,2,01-Feb-76
Mar,1976,33849000,25764000,24373000,1391000,8085000,0.761,0.72,0.054,0.239,3,01-Mar-76
Apr,1976,33860000,25762000,24364000,1399000,8097000,0.761,0.72,0.054,0.239,4,01-Apr-76
May,1976,33871000,25764000,24359000,1405000,8107000,0.761,0.719,0.055,0.239,5,01-May-76
Jun,1976,33880000,25769000,24359000,1410000,8110000,0.761,0.719,0.055,0.239,6,01-Jun-76
Jul,1976,33894000,25771000,24355000,1416000,8123000,0.76,0.719,0.055,0.24,7,01-Jul-76
Aug,1976,33907000,25774000,24357000,1418000,8133000,0.76,0.718,0.055,0.24,8,01-Aug-76
Sep,1976,33921000,25776000,24359000,1417000,8145000,0.76,0.718,0.055,0.24,9,01-Sep-76
Oct,1976,33935000,25784000,24367000,1417000,8151000,0.76,0.718,0.055,0.24,10,01-Oct-76
Nov,1977,33949000,25795000,24374000,1421000,8154000,0.76,0.718,0.055,0.24,11,01-Nov-77
Dec,1977,33963000,25803000,24382000,1422000,8159000,0.76,0.718,0.055,0.24,12,01-Dec-77
Jan,1977,33976000,25799000,24378000,1421000,8177000,0.759,0.718,0.055,0.241,1,01-Jan-77
Feb,1977,33990000,25798000,24375000,1423000,8192000,0.759,0.717,0.055,0.241,2,01-Feb-77
Mar,1977,34004000,25803000,24377000,1426000,8201000,0.759,0.717,0.055,0.241,3,01-Mar-77
Apr,1977,34018000,25811000,24374000,1438000,8206000,0.759,0.716,0.056,0.241,4,01-Apr-77
May,1977,34032000,25823000,24371000,1452000,8208000,0.759,0.716,0.056,0.241,5,01-May-77
Jun,1977,34042000,25840000,24373000,1466000,8203000,0.759,0.716,0.057,0.241,6,01-Jun-77
Jul,1977,34057000,25859000,24381000,1478000,8197000,0.759,0.716,0.057,0.241,7,01-Jul-77
Aug,1977,34071000,25862000,24379000,1483000,8209000,0.759,0.716,0.057,0.241,8,01-Aug-77
Sep,1977,34085000,25868000,24381000,1487000,8217000,0.759,0.715,0.057,0.241,9,01-Sep-77
Oct,1977,34099000,25868000,24384000,1484000,8231000,0.759,0.715,0.057,0.241,10,01-Oct-77
Nov,1978,34113000,25871000,24393000,1478000,8242000,0.758,0.715,0.057,0.242,11,01-Nov-78
Dec,1978,34127000,25876000,24408000,1469000,8251000,0.758,0.715,0.057,0.242,12,01-Dec-78
Jan,1978,34141000,25877000,24418000,1459000,8264000,0.758,0.715,0.056,0.242,1,01-Jan-78
Feb,1978,34155000,25882000,24429000,1454000,8273000,0.758,0.715,0.056,0.242,2,01-Feb-78
Mar,1978,34170000,25890000,24439000,1451000,8280000,0.758,0.715,0.056,0.242,3,01-Mar-78
Apr,1978,34184000,25892000,24444000,1448000,8292000,0.757,0.715,0.056,0.243,4,01-Apr-78
May,1978,34198000,25896000,24453000,1443000,8302000,0.757,0.715,0.056,0.243,5,01-May-78
Jun,1978,34213000,25910000,24467000,1443000,8302000,0.757,0.715,0.056,0.243,6,01-Jun-78
Jul,1978,34230000,25927000,24488000,1439000,8303000,0.757,0.715,0.056,0.243,7,01-Jul-78
Aug,1978,34248000,25949000,24516000,1433000,8298000,0.758,0.716,0.055,0.242,8,01-Aug-78
Sep,1978,34266000,25970000,24551000,1419000,8296000,0.758,0.716,0.055,0.242,9,01-Sep-78
Oct,1978,34283000,25991000,24586000,1405000,8292000,0.758,0.717,0.054,0.242,10,01-Oct-78
Nov,1979,34301000,26014000,24618000,1396000,8286000,0.758,0.718,0.054,0.242,11,01-Nov-79
Dec,1979,34319000,26030000,24631000,1399000,8288000,0.758,0.718,0.054,0.242,12,01-Dec-79
Jan,1979,34336000,26039000,24637000,1403000,8297000,0.758,0.718,0.054,0.242,1,01-Jan-79
Feb,1979,34354000,26036000,24638000,1397000,8318000,0.758,0.717,0.054,0.242,2,01-Feb-79
Mar,1979,34372000,26043000,24655000,1388000,8329000,0.758,0.717,0.053,0.242,3,01-Mar-79
Apr,1979,34389000,26062000,24674000,1388000,8327000,0.758,0.717,0.053,0.242,4,01-Apr-79
May,1979,34407000,26092000,24694000,1398000,8315000,0.758,0.718,0.054,0.242,5,01-May-79
Jun,1979,34435000,26118000,24713000,1405000,8318000,0.758,0.718,0.054,0.242,6,01-Jun-79
Jul,1979,34456000,26139000,24726000,1412000,8317000,0.759,0.718,0.054,0.241,7,01-Jul-79
Aug,1979,34476000,26163000,24739000,1424000,8313000,0.759,0.718,0.054,0.241,8,01-Aug-79
Sep,1979,34497000,26191000,24754000,1437000,8306000,0.759,0.718,0.055,0.241,9,01-Sep-79
Oct,1979,34518000,26213000,24759000,1454000,8304000,0.759,0.717,0.055,0.241,10,01-Oct-79
Nov,1980,34538000,26230000,24756000,1474000,8308000,0.759,0.717,0.056,0.241,11,01-Nov-80
Dec,1980,34559000,26250000,24744000,1506000,8308000,0.76,0.716,0.057,0.24,12,01-Dec-80
Jan,1980,34579000,26273000,24730000,1543000,8307000,0.76,0.715,0.059,0.24,1,01-Jan-80
Feb,1980,34600000,26293000,24706000,1587000,8307000,0.76,0.714,0.06,0.24,2,01-Feb-80
Mar,1980,34620000,26321000,24687000,1633000,8300000,0.76,0.713,0.062,0.24,3,01-Mar-80
Apr,1980,34641000,26345000,24659000,1686000,8296000,0.761,0.712,0.064,0.239,4,01-Apr-80
May,1980,34662000,26371000,24629000,1741000,8291000,0.761,0.711,0.066,0.239,5,01-May-80
Jun,1980,34683000,26396000,24583000,1814000,8286000,0.761,0.709,0.069,0.239,6,01-Jun-80
Jul,1980,34704000,26409000,24518000,1891000,8294000,0.761,0.707,0.072,0.239,7,01-Jul-80
Aug,1980,34725000,26424000,24449000,1975000,8301000,0.761,0.704,0.075,0.239,8,01-Aug-80
Sep,1980,34746000,26448000,24385000,2063000,8298000,0.761,0.702,0.078,0.239,9,01-Sep-80
Oct,1980,34767000,26471000,24316000,2155000,8296000,0.761,0.699,0.081,0.239,10,01-Oct-80
Nov,1981,34788000,26499000,24257000,2242000,8289000,0.762,0.697,0.085,0.238,11,01-Nov-81
Dec,1981,34809000,26510000,24193000,2317000,8299000,0.762,0.695,0.087,0.238,12,01-Dec-81
Jan,1981,34830000,26525000,24135000,2390000,8306000,0.762,0.693,0.09,0.238,1,01-Jan-81
Feb,1981,34851000,26538000,24076000,2462000,8313000,0.761,0.691,0.093,0.239,2,01-Feb-81
Mar,1981,34873000,26553000,24022000,2530000,8320000,0.761,0.689,0.095,0.239,3,01-Mar-81
Apr,1981,34894000,26545000,23971000,2574000,8348000,0.761,0.687,0.097,0.239,4,01-Apr-81
May,1981,34915000,26531000,23920000,2611000,8384000,0.76,0.685,0.098,0.24,5,01-May-81
Jun,1981,34936000,26522000,23881000,2641000,8414000,0.759,0.684,0.1,0.241,6,01-Jun-81
Jul,1981,34953000,26513000,23842000,2671000,8439000,0.759,0.682,0.101,0.241,7,01-Jul-81
Aug,1981,34969000,26497000,23798000,2699000,8472000,0.758,0.681,0.102,0.242,8,01-Aug-81
Sep,1981,34986000,26484000,23758000,2726000,8501000,0.757,0.679,0.103,0.243,9,01-Sep-81
Oct,1981,35002000,26460000,23713000,2747000,8542000,0.756,0.677,0.104,0.244,10,01-Oct-81
Nov,1982,35019000,26438000,23672000,2766000,8581000,0.755,0.676,0.105,0.245,11,01-Nov-82
Dec,1982,35036000,26421000,23642000,2778000,8615000,0.754,0.675,0.105,0.246,12,01-Dec-82
Jan,1982,35052000,26413000,23624000,2789000,8639000,0.754,0.674,0.106,0.246,1,01-Jan-82
Feb,1982,35069000,26399000,23600000,2799000,8669000,0.753,0.673,0.106,0.247,2,01-Feb-82
Mar,1982,35085000,26391000,23581000,2810000,8694000,0.752,0.672,0.106,0.248,3,01-Mar-82
Apr,1982,35102000,26373000,23546000,2826000,8729000,0.751,0.671,0.107,0.249,4,01-Apr-82
May,1982,35118000,26354000,23510000,2843000,8765000,0.75,0.669,0.108,0.25,5,01-May-82
Jun,1982,35136000,26332000,23468000,2863000,8804000,0.749,0.668,0.109,0.251,6,01-Jun-82
Jul,1982,35162000,26313000,23430000,2883000,8849000,0.748,0.666,0.11,0.252,7,01-Jul-82
Aug,1982,35188000,26289000,23386000,2903000,8899000,0.747,0.665,0.11,0.253,8,01-Aug-82
Sep,1982,35214000,26262000,23338000,2925000,8952000,0.746,0.663,0.111,0.254,9,01-Sep-82
Oct,1982,35240000,26240000,23294000,2946000,9000000,0.745,0.661,0.112,0.255,10,01-Oct-82
Nov,1983,35266000,26219000,23256000,2963000,9047000,0.743,0.659,0.113,0.257,11,01-Nov-83
Dec,1983,35292000,26200000,23225000,2975000,9092000,0.742,0.658,0.114,0.258,12,01-Dec-83
Jan,1983,35318000,26191000,23206000,2985000,9128000,0.742,0.657,0.114,0.258,1,01-Jan-83
Feb,1983,35344000,26185000,23190000,2996000,9159000,0.741,0.656,0.114,0.259,2,01-Feb-83
Mar,1983,35371000,26197000,23187000,3010000,9174000,0.741,0.656,0.115,0.259,3,01-Mar-83
Apr,1983,35397000,26246000,23212000,3035000,9150000,0.741,0.656,0.116,0.259,4,01-Apr-83
May,1983,35423000,26302000,23243000,3059000,9121000,0.743,0.656,0.116,0.257,5,01-May-83
Jun,1983,35448000,26383000,23307000,3077000,9065000,0.744,0.657,0.117,0.256,6,01-Jun-83
Jul,1983,35474000,26467000,23376000,3091000,9007000,0.746,0.659,0.117,0.254,7,01-Jul-83
Aug,1983,35500000,26551000,23446000,3106000,8948000,0.748,0.66,0.117,0.252,8,01-Aug-83
Sep,1983,35526000,26630000,23505000,3126000,8895000,0.75,0.662,0.117,0.25,9,01-Sep-83
Oct,1983,35552000,26702000,23558000,3145000,8849000,0.751,0.663,0.118,0.249,10,01-Oct-83
Nov,1984,35578000,26774000,23608000,3165000,8804000,0.753,0.664,0.118,0.247,11,01-Nov-84
Dec,1984,35604000,26842000,23652000,3190000,8762000,0.754,0.664,0.119,0.246,12,01-Dec-84
Jan,1984,35630000,26909000,23693000,3216000,8721000,0.755,0.665,0.12,0.245,1,01-Jan-84
Feb,1984,35656000,26969000,23734000,3235000,8686000,0.756,0.666,0.12,0.244,2,01-Feb-84
Mar,1984,35682000,27025000,23777000,3248000,8656000,0.757,0.666,0.12,0.243,3,01-Mar-84
Apr,1984,35708000,27050000,23815000,3235000,8657000,0.758,0.667,0.12,0.242,4,01-Apr-84
May,1984,35734000,27074000,23849000,3225000,8659000,0.758,0.667,0.119,0.242,5,01-May-84
Jun,1984,35750000,27088000,23875000,3213000,8661000,0.758,0.668,0.119,0.242,6,01-Jun-84
Jul,1984,35759000,27110000,23901000,3209000,8649000,0.758,0.668,0.118,0.242,7,01-Jul-84
Aug,1984,35768000,27142000,23939000,3203000,8626000,0.759,0.669,0.118,0.241,8,01-Aug-84
Sep,1984,35777000,27170000,23972000,3198000,8606000,0.759,0.67,0.118,0.241,9,01-Sep-84
Oct,1984,35786000,27194000,24007000,3187000,8592000,0.76,0.671,0.117,0.24,10,01-Oct-84
Nov,1985,35795000,27206000,24031000,3175000,8588000,0.76,0.671,0.117,0.24,11,01-Nov-85
Dec,1985,35804000,27223000,24058000,3165000,8581000,0.76,0.672,0.116,0.24,12,01-Dec-85
Jan,1985,35813000,27234000,24084000,3150000,8578000,0.76,0.673,0.116,0.24,1,01-Jan-85
Feb,1985,35822000,27249000,24111000,3139000,8572000,0.761,0.673,0.115,0.239,2,01-Feb-85
Mar,1985,35831000,27250000,24125000,3125000,8581000,0.761,0.673,0.115,0.239,3,01-Mar-85
Apr,1985,35840000,27268000,24147000,3121000,8572000,0.761,0.674,0.114,0.239,4,01-Apr-85
May,1985,35849000,27276000,24162000,3115000,8572000,0.761,0.674,0.114,0.239,5,01-May-85
Jun,1985,35859000,27291000,24182000,3109000,8568000,0.761,0.674,0.114,0.239,6,01-Jun-85
Jul,1985,35867000,27309000,24201000,3107000,8558000,0.761,0.675,0.114,0.239,7,01-Jul-85
Aug,1985,35875000,27327000,24221000,3106000,8549000,0.762,0.675,0.114,0.238,8,01-Aug-85
Sep,1985,35883000,27340000,24235000,3105000,8544000,0.762,0.675,0.114,0.238,9,01-Sep-85
Oct,1985,35891000,27348000,24242000,3106000,8543000,0.762,0.675,0.114,0.238,10,01-Oct-85
Nov,1986,35899000,27357000,24247000,3109000,8543000,0.762,0.675,0.114,0.238,11,01-Nov-86
Dec,1986,35908000,27372000,24257000,3114000,8536000,0.762,0.676,0.114,0.238,12,01-Dec-86
Jan,1986,35916000,27385000,24262000,3123000,8531000,0.762,0.676,0.114,0.238,1,01-Jan-86
Feb,1986,35924000,27396000,24272000,3124000,8528000,0.763,0.676,0.114,0.237,2,01-Feb-86
Mar,1986,35932000,27408000,24280000,3128000,8523000,0.763,0.676,0.114,0.237,3,01-Mar-86
Apr,1986,35940000,27423000,24291000,3132000,8517000,0.763,0.676,0.114,0.237,4,01-Apr-86
May,1986,35948000,27453000,24310000,3143000,8495000,0.764,0.676,0.114,0.236,5,01-May-86
Jun,1986,35957000,27489000,24340000,3150000,8467000,0.765,0.677,0.115,0.235,6,01-Jun-86
Jul,1986,35967000,27520000,24369000,3151000,8446000,0.765,0.678,0.115,0.235,7,01-Jul-86
Aug,1986,35977000,27535000,24388000,3147000,8441000,0.765,0.678,0.114,0.235,8,01-Aug-86
Sep,1986,35986000,27564000,24423000,3141000,8423000,0.766,0.679,0.114,0.234,9,01-Sep-86
Oct,1986,35996000,27580000,24447000,3133000,8416000,0.766,0.679,0.114,0.234,10,01-Oct-86
Nov,1987,36006000,27599000,24472000,3127000,8407000,0.767,0.68,0.113,0.233,11,01-Nov-87
Dec,1987,36016000,27607000,24496000,3111000,8409000,0.767,0.68,0.113,0.233,12,01-Dec-87
Jan,1987,36026000,27607000,24516000,3091000,8419000,0.766,0.681,0.112,0.234,1,01-Jan-87
Feb,1987,36036000,27629000,24560000,3069000,8407000,0.767,0.682,0.111,0.233,2,01-Feb-87
Mar,1987,36046000,27662000,24622000,3040000,8384000,0.767,0.683,0.11,0.233,3,01-Mar-87
Apr,1987,36056000,27696000,24695000,3001000,8360000,0.768,0.685,0.108,0.232,4,01-Apr-87
May,1987,36066000,27732000,24780000,2952000,8334000,0.769,0.687,0.106,0.231,5,01-May-87
Jun,1987,36077000,27764000,24855000,2909000,8312000,0.77,0.689,0.105,0.23,6,01-Jun-87
Jul,1987,36084000,27801000,24936000,2865000,8283000,0.77,0.691,0.103,0.23,7,01-Jul-87
Aug,1987,36091000,27824000,25006000,2818000,8267000,0.771,0.693,0.101,0.229,8,01-Aug-87
Sep,1987,36099000,27848000,25081000,2767000,8250000,0.771,0.695,0.099,0.229,9,01-Sep-87
Oct,1987,36106000,27876000,25157000,2720000,8230000,0.772,0.697,0.098,0.228,10,01-Oct-87
Nov,1988,36114000,27908000,25232000,2676000,8205000,0.773,0.699,0.096,0.227,11,01-Nov-88
Dec,1988,36121000,27939000,25302000,2637000,8182000,0.773,0.7,0.094,0.227,12,01-Dec-88
Jan,1988,36128000,27960000,25368000,2592000,8169000,0.774,0.702,0.093,0.226,1,01-Jan-88
Feb,1988,36136000,27977000,25428000,2549000,8159000,0.774,0.704,0.091,0.226,2,01-Feb-88
Mar,1988,36143000,27990000,25484000,2505000,8153000,0.774,0.705,0.09,0.226,3,01-Mar-88
Apr,1988,36150000,28011000,25541000,2469000,8140000,0.775,0.707,0.088,0.225,4,01-Apr-88
May,1988,36158000,28024000,25595000,2429000,8134000,0.775,0.708,0.087,0.225,5,01-May-88
Jun,1988,36166000,28045000,25653000,2392000,8121000,0.775,0.709,0.085,0.225,6,01-Jun-88
Jul,1988,36173000,28083000,25722000,2361000,8090000,0.776,0.711,0.084,0.224,7,01-Jul-88
Aug,1988,36180000,28116000,25780000,2336000,8065000,0.777,0.713,0.083,0.223,8,01-Aug-88
Sep,1988,36187000,28145000,25838000,2307000,8042000,0.778,0.714,0.082,0.222,9,01-Sep-88
Oct,1988,36194000,28163000,25897000,2267000,8031000,0.778,0.715,0.08,0.222,10,01-Oct-88
Nov,1989,36201000,28190000,25965000,2225000,8011000,0.779,0.717,0.079,0.221,11,01-Nov-89
Dec,1989,36209000,28224000,26038000,2185000,7985000,0.779,0.719,0.077,0.221,12,01-Dec-89
Jan,1989,36216000,28266000,26117000,2150000,7949000,0.78,0.721,0.076,0.22,1,01-Jan-89
Feb,1989,36223000,28289000,26180000,2109000,7933000,0.781,0.723,0.075,0.219,2,01-Feb-89
Mar,1989,36230000,28300000,26225000,2075000,7930000,0.781,0.724,0.073,0.219,3,01-Mar-89
Apr,1989,36237000,28301000,26248000,2053000,7936000,0.781,0.724,0.073,0.219,4,01-Apr-89
May,1989,36244000,28311000,26269000,2042000,7934000,0.781,0.725,0.072,0.219,5,01-May-89
Jun,1989,36252000,28314000,26284000,2030000,7938000,0.781,0.725,0.072,0.219,6,01-Jun-89
Jul,1989,36258000,28328000,26309000,2018000,7930000,0.781,0.726,0.071,0.219,7,01-Jul-89
Aug,1989,36263000,28343000,26334000,2009000,7920000,0.782,0.726,0.071,0.218,8,01-Aug-89
Sep,1989,36269000,28367000,26365000,2002000,7901000,0.782,0.727,0.071,0.218,9,01-Sep-89
Oct,1989,36274000,28387000,26390000,1997000,7887000,0.783,0.728,0.07,0.217,10,01-Oct-89
Nov,1990,36280000,28389000,26400000,1989000,7891000,0.783,0.728,0.07,0.217,11,01-Nov-90
Dec,1990,36285000,28395000,26410000,1985000,7890000,0.783,0.728,0.07,0.217,12,01-Dec-90
Jan,1990,36291000,28394000,26411000,1983000,7897000,0.782,0.728,0.07,0.218,1,01-Jan-90
Feb,1990,36297000,28405000,26421000,1984000,7892000,0.783,0.728,0.07,0.217,2,01-Feb-90
Mar,1990,36302000,28419000,26434000,1985000,7883000,0.783,0.728,0.07,0.217,3,01-Mar-90
Apr,1990,36308000,28431000,26447000,1983000,7877000,0.783,0.728,0.07,0.217,4,01-Apr-90
May,1990,36313000,28438000,26448000,1990000,7875000,0.783,0.728,0.07,0.217,5,01-May-90
Jun,1990,36319000,28444000,26439000,2005000,7874000,0.783,0.728,0.07,0.217,6,01-Jun-90
Jul,1990,36323000,28434000,26405000,2029000,7889000,0.783,0.727,0.071,0.217,7,01-Jul-90
Aug,1990,36327000,28420000,26361000,2059000,7906000,0.782,0.726,0.072,0.218,8,01-Aug-90
Sep,1990,36331000,28412000,26317000,2095000,7919000,0.782,0.724,0.074,0.218,9,01-Sep-90
Oct,1990,36335000,28401000,26263000,2138000,7934000,0.782,0.723,0.075,0.218,10,01-Oct-90
Nov,1991,36338000,28374000,26199000,2175000,7965000,0.781,0.721,0.077,0.219,11,01-Nov-91
Dec,1991,36342000,28359000,26135000,2224000,7984000,0.78,0.719,0.078,0.22,12,01-Dec-91
Jan,1991,36346000,28341000,26056000,2285000,8005000,0.78,0.717,0.081,0.22,1,01-Jan-91
Feb,1991,36350000,28334000,25977000,2356000,8017000,0.779,0.715,0.083,0.221,2,01-Feb-91
Mar,1991,36354000,28318000,25897000,2421000,8036000,0.779,0.712,0.085,0.221,3,01-Mar-91
Apr,1991,36356000,28274000,25803000,2471000,8083000,0.778,0.71,0.087,0.222,4,01-Apr-91
May,1991,36358000,28240000,25723000,2518000,8118000,0.777,0.707,0.089,0.223,5,01-May-91
Jun,1991,36359000,28209000,25647000,2562000,8149000,0.776,0.705,0.091,0.224,6,01-Jun-91
Jul,1991,36359000,28173000,25572000,2601000,8186000,0.775,0.703,0.092,0.225,7,01-Jul-91
Aug,1991,36360000,28131000,25501000,2630000,8229000,0.774,0.701,0.093,0.226,8,01-Aug-91
Sep,1991,36361000,28083000,25430000,2653000,8278000,0.772,0.699,0.094,0.228,9,01-Sep-91
Oct,1991,36361000,28044000,25370000,2674000,8317000,0.771,0.698,0.095,0.229,10,01-Oct-91
Nov,1992,36362000,28006000,25315000,2691000,8356000,0.77,0.696,0.096,0.23,11,01-Nov-92
Dec,1992,36363000,27985000,25274000,2711000,8378000,0.77,0.695,0.097,0.23,12,01-Dec-92
Jan,1992,36363000,27981000,25243000,2737000,8383000,0.769,0.694,0.098,0.231,1,01-Jan-92
Feb,1992,36364000,27966000,25208000,2758000,8398000,0.769,0.693,0.099,0.231,2,01-Feb-92
Mar,1992,36357788,27929433.4,25157591.1,2771842.306,8428354.595,0.7682,0.6919,0.0992,0.2318,3,01-Mar-92
Apr,1992,36358138.17,27877135.43,25121755.11,2755380.323,8481002.736,0.7667,0.691,0.0988,0.2333,4,01-Apr-92
May,1992,36358159.33,27851391.05,25071012.34,2780378.714,8506768.279,0.766,0.6896,0.0998,0.234,5,01-May-92
Jun,1992,36356133.5,27855167.78,25060700.48,2794467.298,8500965.718,0.7662,0.6893,0.1003,0.2338,6,01-Jun-92
Jul,1992,36356270.67,27844364.38,25051021.95,2793342.427,8511906.288,0.7659,0.689,0.1003,0.2341,7,01-Jul-92
Aug,1992,36355718.83,27829816.47,24999843.44,2829973.021,8525902.368,0.7655,0.6876,0.1017,0.2345,8,01-Aug-92
Sep,1992,36354057,27843019.64,24962923.3,2880096.34,8511037.363,0.7659,0.6867,0.1034,0.2341,9,01-Sep-92
Oct,1992,36353396.17,27817111.99,24904857.81,2912254.185,8536284.175,0.7652,0.6851,0.1047,0.2348,10,01-Oct-92
Nov,1993,36352636.33,27833942.36,24869382.75,2964559.614,8518693.974,0.7657,0.6841,0.1065,0.2343,11,01-Nov-93
Dec,1993,36351719.5,27844605.08,24839004.26,3005600.823,8507114.418,0.766,0.6833,0.1079,0.234,12,01-Dec-93
Jan,1993,36350545.67,27831852.73,24847112.94,2984739.794,8518692.934,0.7657,0.6835,0.1072,0.2343,1,01-Jan-93
Feb,1993,36350047.83,27793487.41,24824126.46,2969360.946,8556560.425,0.7646,0.6829,0.1068,0.2354,2,01-Feb-93
Mar,1993,36349176,27792236.93,24859657.88,2932579.048,8556939.067,0.7646,0.6839,0.1055,0.2354,3,01-Mar-93
Apr,1993,36347778.67,27782861.34,24872033.24,2910828.104,8564917.323,0.7644,0.6843,0.1048,0.2356,4,01-Apr-93
May,1993,36347222.33,27781940.82,24872003.67,2909937.144,8565281.515,0.7643,0.6843,0.1047,0.2357,5,01-May-93
Jun,1993,36349664,27743537.43,24853560.27,2889977.156,8606126.573,0.7632,0.6837,0.1042,0.2368,6,01-Jun-93
Jul,1993,36352228.67,27768907.71,24892766.28,2876141.423,8583320.959,0.7639,0.6848,0.1036,0.2361,7,01-Jul-93
Aug,1993,36354462.33,27768123.65,24893092.87,2875030.779,8586338.681,0.7638,0.6847,0.1035,0.2362,8,01-Aug-93
Sep,1993,36356817,27767477.41,24899821.99,2867655.419,8589339.592,0.7637,0.6849,0.1033,0.2363,9,01-Sep-93
Oct,1993,36359974.67,27774621.09,24898801.71,2875819.379,8585353.579,0.7639,0.6848,0.1035,0.2361,10,01-Oct-93
Nov,1994,36363163.33,27777911.2,24902570.99,2875340.212,8585252.133,0.7639,0.6848,0.1035,0.2361,11,01-Nov-94
Dec,1994,36364403,27777546.31,24948356.62,2829189.689,8586856.687,0.7639,0.6861,0.1019,0.2361,12,01-Dec-94
Jan,1994,36367300.67,27786810.04,24996954.1,2789855.934,8580490.629,0.7641,0.6873,0.1004,0.2359,1,01-Jan-94
Feb,1994,36370119.33,27783867.68,25031189.76,2752677.919,8586251.652,0.7639,0.6882,0.0991,0.2361,2,01-Feb-94
Mar,1994,36372027,27764655.22,25030015.17,2734640.049,8607371.776,0.7634,0.6882,0.0985,0.2366,3,01-Mar-94
Apr,1994,36374783.25,27749046.49,25028286.24,2720760.252,8625736.757,0.7629,0.6881,0.098,0.2371,4,01-Apr-94
May,1994,36377107.5,27777381.51,25085724.75,2691656.76,8599725.986,0.7636,0.6896,0.0969,0.2364,5,01-May-94
Jun,1994,36385283.75,27763150.25,25087937.65,2675212.6,8622133.499,0.763,0.6895,0.0964,0.237,6,01-Jun-94
Jul,1994,36392740,27750156.58,25127904.64,2622251.941,8642583.424,0.7625,0.6905,0.0945,0.2375,7,01-Jul-94
Aug,1994,36401574.25,27719624.79,25126431.41,2593193.38,8681949.459,0.7615,0.6903,0.0936,0.2385,8,01-Aug-94
Sep,1994,36408876.5,27687465.27,25147260.26,2540205.011,8721411.23,0.7605,0.6907,0.0917,0.2395,9,01-Sep-94
Oct,1994,36416971.75,27656106.14,25149479.15,2506626.991,8760865.614,0.7594,0.6906,0.0906,0.2406,10,01-Oct-94
Nov,1995,36425188,27619979.87,25136021.16,2483958.706,8805208.134,0.7583,0.6901,0.0899,0.2417,11,01-Nov-95
Dec,1995,36433135,27665726.73,25183351.46,2482375.267,8767408.269,0.7594,0.6912,0.0897,0.2406,12,01-Dec-95
Jan,1995,36441127,27705366.88,25220494.37,2484872.507,8735760.124,0.7603,0.6921,0.0897,0.2397,1,01-Jan-95
Feb,1995,36449423,27730746.18,25254276.27,2476469.908,8718676.821,0.7608,0.6929,0.0893,0.2392,2,01-Feb-95
Mar,1995,36457265,27748178.32,25287509.55,2460668.762,8709086.685,0.7611,0.6936,0.0887,0.2389,3,01-Mar-95
Apr,1995,36465484,27748663.47,25317006.14,2431657.328,8716820.529,0.761,0.6943,0.0876,0.239,4,01-Apr-95
May,1995,36473062,27782100.53,25346705.69,2435394.84,8690961.47,0.7617,0.6949,0.0877,0.2383,5,01-May-95
Jun,1995,36482150,27824801,25398602.96,2426198.045,8657348.998,0.7627,0.6962,0.0872,0.2373,6,01-Jun-95
Jul,1995,36493665,27847111.44,25413496.24,2433615.196,8646553.562,0.7631,0.6964,0.0874,0.2369,7,01-Jul-95
Aug,1995,36503685,27856446.44,25431598.99,2424847.449,8647238.56,0.7631,0.6967,0.087,0.2369,8,01-Aug-95
Sep,1995,36514280,27857517.7,25454447.73,2403069.974,8656762.299,0.7629,0.6971,0.0863,0.2371,9,01-Sep-95
Oct,1995,36525630,27882803.11,25549415.63,2333387.479,8642826.892,0.7634,0.6995,0.0837,0.2366,10,01-Oct-95
Nov,1996,36535464,27916068.68,25561776.97,2354291.717,8619395.316,0.7641,0.6996,0.0843,0.2359,11,01-Nov-96
Dec,1996,36545571,27898626.45,25558337.56,2340288.888,8646944.555,0.7634,0.6994,0.0839,0.2366,12,01-Dec-96
Jan,1996,36556748,27868913,25554728.65,2314184.359,8687834.996,0.7623,0.699,0.083,0.2377,1,01-Jan-96
Feb,1996,36566318,27890888.55,25558149.03,2332739.511,8675429.454,0.7627,0.699,0.0836,0.2373,2,01-Feb-96
Mar,1996,36577027,27914340.36,25581750.74,2332589.617,8662686.639,0.7632,0.6994,0.0836,0.2368,3,01-Mar-96
Apr,1996,36587448,27915212.82,25588510.37,2326702.451,8672235.183,0.763,0.6994,0.0833,0.237,4,01-Apr-96
May,1996,36598048,27885112.52,25584371.86,2300740.666,8712935.479,0.7619,0.6991,0.0825,0.2381,5,01-May-96
Jun,1996,36608925,27902249.8,25634341.56,2267908.248,8706675.196,0.7622,0.7002,0.0813,0.2378,6,01-Jun-96
Jul,1996,36619731,27905545.55,25639952.86,2265592.693,8714185.446,0.762,0.7002,0.0812,0.238,7,01-Jul-96
Aug,1996,36631213,27963186.16,25692629.41,2270556.75,8668026.835,0.7634,0.7014,0.0812,0.2366,8,01-Aug-96
Sep,1996,36641992,28000635.38,25757086.68,2243548.707,8641356.618,0.7642,0.7029,0.0801,0.2358,9,01-Sep-96
Oct,1996,36652974,27993093.75,25781127.4,2211966.355,8659880.249,0.7637,0.7034,0.079,0.2363,10,01-Oct-96
Nov,1997,36663454,28001864.62,25836217.91,2165646.712,8661589.381,0.7638,0.7047,0.0773,0.2362,11,01-Nov-97
Dec,1997,36673919,28014925.81,25902097.12,2112828.696,8658993.187,0.7639,0.7063,0.0754,0.2361,12,01-Dec-97
Jan,1997,36685178,28025112.54,25959521.76,2065590.78,8660065.464,0.7639,0.7076,0.0737,0.2361,1,01-Jan-97
Feb,1997,36695042,28039733.06,26005346.48,2034386.586,8655308.937,0.7641,0.7087,0.0726,0.2359,2,01-Feb-97
Mar,1997,36706359,28051920.35,26019761.47,2032158.884,8654438.65,0.7642,0.7089,0.0724,0.2358,3,01-Mar-97
Apr,1997,36717701,28115509.23,26077999.99,2037509.239,8602191.773,0.7657,0.7102,0.0725,0.2343,4,01-Apr-97
May,1997,36728007,28118141.18,26049708.05,2068433.128,8609865.821,0.7656,0.7093,0.0736,0.2344,5,01-May-97
Jun,1997,36739713,28069443.05,26061634.81,2007808.24,8670269.946,0.764,0.7094,0.0715,0.236,6,01-Jun-97
Jul,1997,36750906,28060298.16,26121399.54,1938898.618,8690607.842,0.7635,0.7108,0.0691,0.2365,7,01-Jul-97
Aug,1997,36762655,28051337.31,26154167.95,1897169.358,8711317.692,0.763,0.7114,0.0676,0.237,8,01-Aug-97
Sep,1997,36774069,28048215.47,26172058.72,1876156.754,8725853.526,0.7627,0.7117,0.0669,0.2373,9,01-Sep-97
Oct,1997,36786078,28045126.9,26191984.58,1853142.318,8740951.098,0.7624,0.712,0.0661,0.2376,10,01-Oct-97
Nov,1998,36798067,28000236.23,26191803.28,1808432.947,8797830.772,0.7609,0.7118,0.0646,0.2391,11,01-Nov-98
Dec,1998,36808874,28028279.95,26225603.79,1802676.156,8780594.049,0.7615,0.7125,0.0643,0.2385,12,01-Dec-98
Jan,1998,36820531,28044834.7,26244764.85,1800069.854,8775696.299,0.7617,0.7128,0.0642,0.2383,1,01-Jan-98
Feb,1998,36831107,28049420.56,26265452.22,1783968.341,8781686.441,0.7616,0.7131,0.0636,0.2384,2,01-Feb-98
Mar,1998,36843479,28039799.66,26266188.68,1773610.982,8803679.342,0.7611,0.7129,0.0633,0.2389,3,01-Mar-98
Apr,1998,36854630,28044347.68,26269549.51,1774798.163,8810282.325,0.7609,0.7128,0.0633,0.2391,4,01-Apr-98
May,1998,36867057,28113169.15,26329650.98,1783518.166,8753887.855,0.7626,0.7142,0.0634,0.2374,5,01-May-98
Jun,1998,36883773,28184944.06,26392286.15,1792657.905,8698828.944,0.7642,0.7156,0.0636,0.2358,6,01-Jun-98
Jul,1998,36901140,28179720.46,26406970.82,1772749.64,8721419.538,0.7637,0.7156,0.0629,0.2363,7,01-Jul-98
Aug,1998,36917461,28219727.34,26449907.96,1769819.382,8697733.66,0.7644,0.7165,0.0627,0.2356,8,01-Aug-98
Sep,1998,36934196,28265087.91,26509837.51,1755250.405,8669108.089,0.7653,0.7178,0.0621,0.2347,9,01-Sep-98
Oct,1998,36950775,28277946.94,26524133.39,1753813.542,8672828.064,0.7653,0.7178,0.062,0.2347,10,01-Oct-98
Nov,1999,36968013,28344234.98,26564949.37,1779285.606,8623778.021,0.7667,0.7186,0.0628,0.2333,11,01-Nov-99
Dec,1999,36985015,28362426.92,26578827.53,1783599.386,8622588.083,0.7669,0.7186,0.0629,0.2331,12,01-Dec-99
Jan,1999,37001895,28357262.66,26589183.05,1768079.612,8644632.339,0.7664,0.7186,0.0624,0.2336,1,01-Jan-99
Feb,1999,37018988,28353037.04,26589883.64,1763153.4,8665950.961,0.7659,0.7183,0.0622,0.2341,2,01-Feb-99
Mar,1999,37035844,28345141.88,26596236.83,1748905.057,8690702.115,0.7653,0.7181,0.0617,0.2347,3,01-Mar-99
Apr,1999,37052328,28368484,26635915.44,1732568.555,8683844,0.7656,0.7189,0.0611,0.2344,4,01-Apr-99
May,1999,37069205,28374631.55,26662826.19,1711805.353,8694573.453,0.7655,0.7193,0.0603,0.2345,5,01-May-99
Jun,1999,37088528,28406142.94,26713360.65,1692782.291,8682385.059,0.7659,0.7203,0.0596,0.2341,6,01-Jun-99
Jul,1999,37106092,28447882.87,26759968.36,1687914.512,8658209.132,0.7667,0.7212,0.0593,0.2333,7,01-Jul-99
Aug,1999,37124818,28433362.61,26757466.83,1675895.785,8691455.387,0.7659,0.7207,0.0589,0.2341,8,01-Aug-99
Sep,1999,37142988,28496681.98,26815560.81,1681121.166,8646306.021,0.7672,0.722,0.059,0.2328,9,01-Sep-99
Oct,1999,37161679,28530477.68,26857944.15,1672533.529,8631201.324,0.7677,0.7227,0.0586,0.2323,10,01-Oct-99
Nov,2000,37180066,28535014.21,26845702.53,1689311.683,8645051.79,0.7675,0.722,0.0592,0.2325,11,01-Nov-00
Dec,2000,37197977,28516712.92,26842644.81,1674068.104,8681264.082,0.7666,0.7216,0.0587,0.2334,12,01-Dec-00
Jan,2000,37216863,28566900.9,26894682.66,1672218.249,8649962.095,0.7676,0.7226,0.0585,0.2324,1,01-Jan-00
Feb,2000,37235804,28583815.98,26937644.68,1646171.301,8651988.018,0.7676,0.7234,0.0576,0.2324,2,01-Feb-00
Mar,2000,37253421,28614881.35,26984656.22,1630225.128,8638539.652,0.7681,0.7244,0.057,0.2319,3,01-Mar-00
Apr,2000,37271449,28600963.64,27012524.64,1588439,8670485.358,0.7674,0.7248,0.0555,0.2326,4,01-Apr-00
May,2000,37290221,28610453.94,27070839.87,1539614.071,8679767.055,0.7672,0.726,0.0538,0.2328,5,01-May-00
Jun,2000,37311260,28632296.44,27113878.28,1518418.16,8678963.56,0.7674,0.7267,0.053,0.2326,6,01-Jun-00
Jul,2000,37332866,28654016.07,27113697.91,1540318.159,8678849.934,0.7675,0.7263,0.0538,0.2325,7,01-Jul-00
Aug,2000,37354710,28647112.88,27084448.98,1562663.904,8707597.119,0.7669,0.7251,0.0545,0.2331,8,01-Aug-00
Sep,2000,37376675,28599746.41,27070738.54,1529007.869,8776928.592,0.7652,0.7243,0.0535,0.2348,9,01-Sep-00
Oct,2000,37397603,28621311.32,27113753.72,1507557.595,8776291.684,0.7653,0.725,0.0527,0.2347,10,01-Oct-00
Nov,2001,37419158,28704422.22,27211193,1493229.225,8714735.776,0.7671,0.7272,0.052,0.2329,11,01-Nov-01
Dec,2001,37440647,28700231.14,27194639.79,1505591.347,8740415.862,0.7666,0.7263,0.0525,0.2334,12,01-Dec-01
Jan,2001,37461108,28682451.99,27212286.5,1470165.487,8778656.01,0.7657,0.7264,0.0513,0.2343,1,01-Jan-01
Feb,2001,37483464,28699543.26,27250074.55,1449468.713,8783920.739,0.7657,0.727,0.0505,0.2343,2,01-Feb-01
Mar,2001,37504449,28700399.86,27279441.07,1420958.79,8804049.145,0.7653,0.7274,0.0495,0.2347,3,01-Mar-01
Apr,2001,37526315,28731985.4,27273875.02,1458110.383,8794329.597,0.7656,0.7268,0.0507,0.2344,4,01-Apr-01
May,2001,37547521,28714965.23,27253085.68,1461879.555,8832555.768,0.7648,0.7258,0.0509,0.2352,5,01-May-01
Jun,2001,37562114,28742582.98,27268964.56,1473618.421,8819531.024,0.7652,0.726,0.0513,0.2348,6,01-Jun-01
Jul,2001,37582909,28737965.87,27258671.05,1479294.817,8844943.135,0.7647,0.7253,0.0515,0.2353,7,01-Jul-01
Aug,2001,37604383,28756548.25,27276753.74,1479794.51,8847834.747,0.7647,0.7254,0.0515,0.2353,8,01-Aug-01
Sep,2001,37625487,28806852.46,27320487.19,1486365.266,8818634.544,0.7656,0.7261,0.0516,0.2344,9,01-Sep-01
Oct,2001,37647261,28835795.78,27325027.97,1510767.812,8811465.221,0.7659,0.7258,0.0524,0.2341,10,01-Oct-01
Nov,2002,37668492,28805534.11,27296970.28,1508563.826,8862957.889,0.7647,0.7247,0.0524,0.2353,11,01-Nov-02
Dec,2002,37689440,28809021.79,27310876.44,1498145.35,8880418.207,0.7644,0.7246,0.052,0.2356,12,01-Dec-02
Jan,2002,37710587,28827396.07,27323941.47,1503454.6,8883190.925,0.7644,0.7246,0.0522,0.2356,1,01-Jan-02
Feb,2002,37731855,28892367.28,27382481.29,1509885.987,8839487.724,0.7657,0.7257,0.0523,0.2343,2,01-Feb-02
Mar,2002,37754082,28940129.65,27412221.76,1527907.892,8813952.349,0.7665,0.7261,0.0528,0.2335,3,01-Mar-02
Apr,2002,37775298,28963351.8,27456958,1506393.8,8811946.2,0.7667,0.7268,0.052,0.2333,4,01-Apr-02
May,2002,37795450,28944163.6,27430220.82,1513942.779,8851286.402,0.7658,0.7258,0.0523,0.2342,5,01-May-02
Jun,2002,37816427,29006544.54,27479492.13,1527052.411,8809882.458,0.767,0.7267,0.0526,0.233,6,01-Jun-02
Jul,2002,37836765,29012257.58,27458827.67,1553429.911,8824507.418,0.7668,0.7257,0.0535,0.2332,7,01-Jul-02
Aug,2002,37858080,29073506.42,27539259.11,1534247.315,8784573.577,0.768,0.7274,0.0528,0.232,8,01-Aug-02
Sep,2002,37877969,29090981.56,27567562.79,1523418.777,8786987.436,0.768,0.7278,0.0524,0.232,9,01-Sep-02
Oct,2002,37899130,29125471.18,27617940.75,1507530.427,8773658.822,0.7685,0.7287,0.0518,0.2315,10,01-Oct-02
Nov,2003,37920073,29061258.92,27588677.64,1472581.281,8858814.081,0.7664,0.7275,0.0507,0.2336,11,01-Nov-03
Dec,2003,37940431,29062870.85,27558394.88,1504475.978,8877560.146,0.766,0.7264,0.0518,0.234,12,01-Dec-03
Jan,2003,37960825,29109887.09,27590429.34,1519457.751,8850937.909,0.7668,0.7268,0.0522,0.2332,1,01-Jan-03
Feb,2003,37981510,29129276.5,27625710.56,1503565.935,8852233.501,0.7669,0.7273,0.0516,0.2331,2,01-Feb-03
Mar,2003,38002333,29148756.66,27675280.24,1473476.421,8853576.337,0.767,0.7283,0.0506,0.233,3,01-Mar-03
Apr,2003,38022635,29165688.17,27711492.52,1454195.658,8856946.827,0.7671,0.7288,0.0499,0.2329,4,01-Apr-03
May,2003,38043693,29205501.55,27710108.03,1495393.515,8838191.451,0.7677,0.7284,0.0512,0.2323,5,01-May-03
Jun,2003,38068226,29190532.96,27696839.96,1493693.005,8877693.035,0.7668,0.7276,0.0512,0.2332,6,01-Jun-03
Jul,2003,38093015,29214959.69,27724161.32,1490798.372,8878055.308,0.7669,0.7278,0.051,0.2331,7,01-Jul-03
Aug,2003,38117577,29217500.65,27756472.15,1461028.499,8900076.351,0.7665,0.7282,0.05,0.2335,8,01-Aug-03
Sep,2003,38142636,29219346.73,27772438.53,1446908.204,8923289.266,0.7661,0.7281,0.0495,0.2339,9,01-Sep-03
Oct,2003,38167124,29216104.01,27773721.25,1442382.756,8951019.994,0.7655,0.7277,0.0494,0.2345,10,01-Oct-03
Nov,2004,38191602,29302238.69,27873902.57,1428336.119,8889363.31,0.7672,0.7298,0.0487,0.2328,11,01-Nov-04
Dec,2004,38216450,29339123.8,27914779.92,1424343.876,8877326.2,0.7677,0.7304,0.0485,0.2323,12,01-Dec-04
Jan,2004,38241022,29350702.72,27929057.8,1421644.917,8890319.283,0.7675,0.7303,0.0484,0.2325,1,01-Jan-04
Feb,2004,38265903,29342998.07,27918327.5,1424670.57,8922904.934,0.7668,0.7296,0.0486,0.2332,2,01-Feb-04
Mar,2004,38290821,29349201.53,27927579.07,1421622.46,8941619.469,0.7665,0.7294,0.0484,0.2335,3,01-Mar-04
Apr,2004,38315711,29350209.26,27923940.64,1426268.613,8965501.744,0.766,0.7288,0.0486,0.234,4,01-Apr-04
May,2004,38339134,29336025.19,27921998.42,1414026.765,9003108.814,0.7652,0.7283,0.0482,0.2348,5,01-May-04
Jun,2004,38374132,29338302.71,27943037.92,1395264.796,9035829.286,0.7645,0.7282,0.0476,0.2355,6,01-Jun-04
Jul,2004,38408887,29379516.77,27987483.25,1392033.516,9029370.23,0.7649,0.7287,0.0474,0.2351,7,01-Jul-04
Aug,2004,38443515,29399576.21,28012957.3,1386618.904,9043938.793,0.7647,0.7287,0.0472,0.2353,8,01-Aug-04
Sep,2004,38478388,29482002.22,28088674.13,1393328.089,8996385.785,0.7662,0.73,0.0473,0.2338,9,01-Sep-04
Oct,2004,38511881,29538144.98,28129493.66,1408651.324,8973736.018,0.767,0.7304,0.0477,0.233,10,01-Oct-04
Nov,2005,38547121,29588974.89,28178562.67,1410412.226,8958146.109,0.7676,0.731,0.0477,0.2324,11,01-Nov-05
Dec,2005,38581700,29665101.32,28232014.02,1433087.301,8916598.684,0.7689,0.7317,0.0483,0.2311,12,01-Dec-05
Jan,2005,38616818,29623531.38,28220100.2,1403431.174,8993286.622,0.7671,0.7308,0.0474,0.2329,1,01-Jan-05
Feb,2005,38651001,29592068.61,28185164.38,1406904.228,9058932.389,0.7656,0.7292,0.0475,0.2344,2,01-Feb-05
Mar,2005,38685432,29627952.99,28202895.2,1425057.793,9057479.009,0.7659,0.729,0.0481,0.2341,3,01-Mar-05
Apr,2005,38720028,29651560.17,28224857.29,1426702.887,9068467.827,0.7658,0.7289,0.0481,0.2342,4,01-Apr-05
May,2005,38754676,29690723.5,28279405.84,1411317.657,9063952.499,0.7661,0.7297,0.0475,0.2339,5,01-May-05
Jun,2005,38786928,29737912.97,28330267.09,1407645.876,9049015.034,0.7667,0.7304,0.0473,0.2333,6,01-Jun-05
Jul,2005,38819236,29777603.96,28355528.97,1422074.988,9041632.042,0.7671,0.7305,0.0478,0.2329,7,01-Jul-05
Aug,2005,38850815,29809283.76,28322820.26,1486463.498,9041531.238,0.7673,0.729,0.0499,0.2327,8,01-Aug-05
Sep,2005,38883461,29809116.67,28289366,1519750.667,9074344.334,0.7666,0.7275,0.051,0.2334,9,01-Sep-05
Oct,2005,38915468,29831800.44,28281261.57,1550538.875,9083667.559,0.7666,0.7267,0.052,0.2334,10,01-Oct-05
Nov,2006,38947782,29871480.5,28337316.84,1534163.665,9076301.499,0.767,0.7276,0.0514,0.233,11,01-Nov-06
Dec,2006,38979375,29955097.69,28385151.83,1569945.852,9024277.315,0.7685,0.7282,0.0524,0.2315,12,01-Dec-06
Jan,2006,39012243,30031175.87,28441514.05,1589661.811,8981067.134,0.7698,0.729,0.0529,0.2302,1,01-Jan-06
Feb,2006,39043857,30086569.83,28467326.14,1619243.686,8957287.171,0.7706,0.7291,0.0538,0.2294,2,01-Feb-06
Mar,2006,39075856,30102517.98,28451829.74,1650688.239,8973338.021,0.7704,0.7281,0.0548,0.2296,3,01-Mar-06
Apr,2006,39108168,30158239.34,28487752.1,1670487.24,8949928.664,0.7711,0.7284,0.0554,0.2289,4,01-Apr-06
May,2006,39140498,30211937.29,28530938.16,1680999.124,8928560.714,0.7719,0.7289,0.0556,0.2281,5,01-May-06
Jun,2006,39172718,30280168.12,28605025.05,1675143.071,8892549.879,0.773,0.7302,0.0553,0.227,6,01-Jun-06
Jul,2006,39205914,30226108.76,28548548.14,1677560.627,8979805.237,0.771,0.7282,0.0555,0.229,7,01-Jul-06
Aug,2006,39237847,30236695.79,28557016.02,1679679.767,9001151.21,0.7706,0.7278,0.0556,0.2294,8,01-Aug-06
Sep,2006,39270102,30227897.38,28567084.84,1660812.539,9042204.617,0.7697,0.7275,0.0549,0.2303,9,01-Sep-06
Oct,2006,39303521,30266835.51,28576544.96,1690290.545,9036685.493,0.7701,0.7271,0.0558,0.2299,10,01-Oct-06
Nov,2007,39335754,30261659.2,28570166.45,1691492.747,9074094.804,0.7693,0.7263,0.0559,0.2307,11,01-Nov-07
Dec,2007,39368974,30238242.04,28541933.87,1696308.173,9130731.958,0.7681,0.725,0.0561,0.2319,12,01-Dec-07
Jan,2007,39400707,30255842.44,28566435.9,1689406.546,9144864.558,0.7679,0.725,0.0558,0.2321,1,01-Jan-07
Feb,2007,39433472,30279831.15,28603243.68,1676587.47,9153640.854,0.7679,0.7254,0.0554,0.2321,2,01-Feb-07
Mar,2007,39466066,30342806.11,28688283.69,1654522.426,9123259.887,0.7688,0.7269,0.0545,0.2312,3,01-Mar-07
Apr,2007,39498460,30336234.08,28695985.01,1640249.078,9162225.916,0.768,0.7265,0.0541,0.232,4,01-Apr-07
May,2007,39531494,30344128.85,28714680.27,1629448.575,9187365.151,0.7676,0.7264,0.0537,0.2324,5,01-May-07
Jun,2007,39557573,30367352.88,28736304.85,1631048.025,9190220.124,0.7677,0.7264,0.0537,0.2323,6,01-Jun-07
Jul,2007,39584100,30409024.41,28770726.1,1638298.311,9175075.586,0.7682,0.7268,0.0539,0.2318,7,01-Jul-07
Aug,2007,39610416,30440735.31,28823284.3,1617451.014,9169680.69,0.7685,0.7277,0.0531,0.2315,8,01-Aug-07
Sep,2007,39636205,30488135.1,28867010.24,1621124.862,9148069.9,0.7692,0.7283,0.0532,0.2308,9,01-Sep-07
Oct,2007,39662091,30516704.33,28917173.13,1599531.199,9145386.672,0.7694,0.7291,0.0524,0.2306,10,01-Oct-07
Nov,2008,39688466,30551932.7,28945584.91,1606347.788,9136533.305,0.7698,0.7293,0.0526,0.2302,11,01-Nov-08
Dec,2008,39715062,30609554.54,29000336.52,1609218.017,9105507.458,0.7707,0.7302,0.0526,0.2293,12,01-Dec-08
Jan,2008,39740790,30610833.72,29001072.17,1609761.544,9129956.283,0.7703,0.7298,0.0526,0.2297,1,01-Jan-08
Feb,2008,39767113,30666308.21,29015624.58,1650683.635,9100804.788,0.7711,0.7296,0.0538,0.2289,2,01-Feb-08
Mar,2008,39793460,30669905.13,29060034.14,1609870.982,9123554.875,0.7707,0.7303,0.0525,0.2293,3,01-Mar-08
Apr,2008,39819557,30693978.56,29028370.73,1665607.831,9125578.436,0.7708,0.729,0.0543,0.2292,4,01-Apr-08
May,2008,39846119,30713610.78,29002931.13,1710679.657,9132508.218,0.7708,0.7279,0.0557,0.2292,5,01-May-08
Jun,2008,39863273,30699510.77,28922880.17,1776630.603,9163762.225,0.7701,0.7256,0.0579,0.2299,6,01-Jun-08
Jul,2008,39880082,30709284.34,28887679.93,1821604.415,9170797.655,0.77,0.7244,0.0593,0.23,7,01-Jul-08
Aug,2008,39897792,30692885.49,28838211.76,1854673.725,9204906.512,0.7693,0.7228,0.0604,0.2307,8,01-Aug-08
Sep,2008,39915267,30776687.22,28855172.9,1921514.319,9138579.783,0.7711,0.7229,0.0624,0.2289,9,01-Sep-08
Oct,2008,39931825,30807144.57,28820491.9,1986652.67,9124680.431,0.7715,0.7217,0.0645,0.2285,10,01-Oct-08
Nov,2009,39949060,30882465.43,28840894.76,2041570.673,9066594.566,0.773,0.7219,0.0661,0.227,11,01-Nov-09
Dec,2009,39966068,30838707.46,28728360.22,2110347.241,9127360.537,0.7716,0.7188,0.0684,0.2284,12,01-Dec-09
Jan,2009,39983526,30873016.62,28657576.25,2215440.374,9110509.379,0.7721,0.7167,0.0718,0.2279,1,01-Jan-09
Feb,2009,40000553,30837182.24,28558735.36,2278446.876,9163370.76,0.7709,0.714,0.0739,0.2291,2,01-Feb-09
Mar,2009,40017555,30808572.68,28432095.69,2376476.991,9208982.316,0.7699,0.7105,0.0771,0.2301,3,01-Mar-09
Apr,2009,40034451,30787507.15,28360452.7,2427054.441,9246943.855,0.769,0.7084,0.0788,0.231,4,01-Apr-09
May,2009,40051844,30737798.22,28282635.11,2455163.107,9314045.78,0.7675,0.7062,0.0799,0.2325,5,01-May-09
Jun,2009,40072565,30779601.06,28315672.39,2463928.67,9292963.938,0.7681,0.7066,0.0801,0.2319,6,01-Jun-09
Jul,2009,40093591,30763723.52,28312698.05,2451025.471,9329867.483,0.7673,0.7062,0.0797,0.2327,7,01-Jul-09
Aug,2009,40114806,30778366.55,28320873.23,2457493.328,9336439.447,0.7673,0.706,0.0798,0.2327,8,01-Aug-09
Sep,2009,40135086,30755066.22,28326962.15,2428104.069,9380019.781,0.7663,0.7058,0.0789,0.2337,9,01-Sep-09
Oct,2009,40156439,30761133.33,28331084.74,2430048.584,9395305.674,0.766,0.7055,0.079,0.234,10,01-Oct-09
Nov,2010,40177176,30700503.45,28291301.35,2409202.099,9476672.551,0.7641,0.7042,0.0785,0.2359,11,01-Nov-10
Dec,2010,40198199,30723329.94,28251360.51,2471969.435,9474869.059,0.7643,0.7028,0.0805,0.2357,12,01-Dec-10
Jan,2010,40218713,30732088.45,28231550.66,2500537.793,9486624.546,0.7641,0.702,0.0814,0.2359,1,01-Jan-10
Feb,2010,40239476,30740376.15,28253577.95,2486798.202,9499099.845,0.7639,0.7021,0.0809,0.2361,2,01-Feb-10
Mar,2010,40260755,30828229.53,28342611.66,2485617.872,9432525.471,0.7657,0.704,0.0806,0.2343,3,01-Mar-10
Apr,2010,40281614,30835334.47,28367387.05,2467947.423,9446279.53,0.7655,0.7042,0.08,0.2345,4,01-Apr-10
May,2010,40302615,30931345.29,28462305.67,2469039.624,9371269.705,0.7675,0.7062,0.0798,0.2325,5,01-May-10
Jun,2010,40324169,30940702.44,28484425.89,2456276.544,9383466.561,0.7673,0.7064,0.0794,0.2327,6,01-Jun-10
Jul,2010,40345170,30977360.16,28526213.65,2451146.513,9367809.836,0.7678,0.7071,0.0791,0.2322,7,01-Jul-10
Aug,2010,40366696,30949544.33,28454649.19,2494895.145,9417151.669,0.7667,0.7049,0.0806,0.2333,8,01-Aug-10
Sep,2010,40387860,30889473.79,28408296.52,2481177.267,9498386.212,0.7648,0.7034,0.0803,0.2352,9,01-Sep-10
Oct,2010,40409452,30926039.88,28444152.41,2481887.471,9483412.119,0.7653,0.7039,0.0803,0.2347,10,01-Oct-10
Nov,2011,40429925,30993766.35,28490509.33,2503257.028,9436158.646,0.7666,0.7047,0.0808,0.2334,11,01-Nov-11
Dec,2011,40452367,31028025.56,28553868.26,2474157.296,9424341.443,0.767,0.7059,0.0797,0.233,12,01-Dec-11
Jan,2011,40472927,31018316.01,28552090.53,2466225.477,9454610.993,0.7664,0.7055,0.0795,0.2336,1,01-Jan-11
Feb,2011,40494372,30984886.53,28541139.92,2443746.605,9509485.473,0.7652,0.7048,0.0789,0.2348,2,01-Feb-11
Mar,2011,40516123,31050668.72,28568792.86,2481875.863,9465454.279,0.7664,0.7051,0.0799,0.2336,3,01-Mar-11
Apr,2011,40536824,31080146.97,28558379.73,2521767.235,9456677.033,0.7667,0.7045,0.0811,0.2333,4,01-Apr-11
May,2011,40558471,31014526.68,28479978.6,2534548.081,9543944.318,0.7647,0.7022,0.0817,0.2353,5,01-May-11
Jun,2011,40556751.77,31056458.5,28468199.62,2588258.878,9500293.27,0.7658,0.7019,0.0833,0.2342,6,01-Jun-11
Jul,2011,40554128.54,31064096.71,28429145.56,2634951.143,9490031.835,0.766,0.701,0.0848,0.234,7,01-Jul-11
Aug,2011,40551708.31,31088598.99,28442415.28,2646183.705,9463109.323,0.7666,0.7014,0.0851,0.2334,8,01-Aug-11
Sep,2011,40550039.08,31125072.71,28440808.83,2684263.885,9424966.368,0.7676,0.7014,0.0862,0.2324,9,01-Sep-11
Oct,2011,40547608.85,31130905.49,28468156.65,2662748.838,9416703.366,0.7678,0.7021,0.0855,0.2322,10,01-Oct-11
Nov,2012,40545617.62,31126745.78,28474814.3,2651931.48,9418871.845,0.7677,0.7023,0.0852,0.2323,11,01-Nov-12
Dec,2012,40543641.39,31134892.45,28502196.67,2632695.782,9408748.943,0.7679,0.703,0.0846,0.2321,12,01-Dec-12
Jan,2012,40541419.16,31169772.19,28562322.39,2607449.803,9371646.971,0.7688,0.7045,0.0837,0.2312,1,01-Jan-12
Feb,2012,40539406.93,31185169.98,28584921.09,2600248.894,9354236.955,0.7693,0.7051,0.0834,0.2307,2,01-Feb-12
Mar,2012,40536868.7,31214437.6,28636032.73,2578404.864,9322431.109,0.77,0.7064,0.0826,0.23,3,01-Mar-12
Apr,2012,40534747.48,31294066.84,28733916.16,2560150.675,9240680.637,0.772,0.7089,0.0818,0.228,4,01-Apr-12
May,2012,40532596.25,31375275.59,28794779.93,2580495.661,9157320.654,0.7741,0.7104,0.0822,0.2259,5,01-May-12
Jun,2012,40539944.53,31372812.16,28839182.53,2533629.629,9167132.373,0.7739,0.7114,0.0808,0.2261,6,01-Jun-12
Jul,2012,40547873.81,31352957.93,28830201.22,2522756.708,9194915.881,0.7732,0.711,0.0805,0.2268,7,01-Jul-12
Aug,2012,40554729.09,31327839.44,28810098.33,2517741.115,9226889.652,0.7725,0.7104,0.0804,0.2275,8,01-Aug-12
Sep,2012,40562054.38,31415048.43,28902301.18,2512747.254,9147005.946,0.7745,0.7125,0.08,0.2255,9,01-Sep-12
Oct,2012,40570094.66,31471021.72,28953033.67,2517988.051,9099072.933,0.7757,0.7137,0.08,0.2243,10,01-Oct-12
Nov,2013,40577529.94,31463143.65,28937825.65,2525318.001,9114386.287,0.7754,0.7131,0.0803,0.2246,11,01-Nov-13
Dec,2013,40584690.22,31437688.8,28863168.06,2574520.743,9147001.422,0.7746,0.7112,0.0819,0.2254,12,01-Dec-13
Jan,2013,40592370.5,31403444.96,28874310.46,2529134.501,9188925.544,0.7736,0.7113,0.0805,0.2264,1,01-Jan-13
Feb,2013,40600294.79,31414570.23,28902846.98,2511723.247,9185724.559,0.7738,0.7119,0.08,0.2262,2,01-Feb-13
Mar,2013,40607254.07,31391067.4,28892576.01,2498491.393,9216186.67,0.773,0.7115,0.0796,0.227,3,01-Mar-13
Apr,2013,40615207.35,31446283.46,28948474.17,2497809.288,9168923.889,0.7742,0.7127,0.0794,0.2258,4,01-Apr-13
May,2013,40621909.63,31491066.38,29013844.97,2477221.409,9130843.25,0.7752,0.7142,0.0787,0.2248,5,01-May-13
Jun,2013,40634355.95,31519503.4,29031662.13,2487841.278,9114852.543,0.7757,0.7145,0.0789,0.2243,6,01-Jun-13
Jul,2013,40646352.26,31569184.63,29098199.73,2470984.906,9077167.627,0.7767,0.7159,0.0783,0.2233,7,01-Jul-13
Aug,2013,40659168.57,31585309.06,29196163.23,2389145.834,9073859.512,0.7768,0.7181,0.0756,0.2232,8,01-Aug-13
Sep,2013,40671015.89,31594491.83,29268100.2,2326391.631,9076524.061,0.7768,0.7196,0.0736,0.2232,9,01-Sep-13
Oct,2013,40683773.2,31597638.91,29260522.44,2337116.471,9086134.288,0.7767,0.7192,0.074,0.2233,10,01-Oct-13
Nov,2014,40695806.51,31632581.05,29312623.42,2319957.636,9063225.459,0.7773,0.7203,0.0733,0.2227,11,01-Nov-14
Dec,2014,40708006.83,31665880.47,29430043.2,2235837.28,9042126.351,0.7779,0.723,0.0706,0.2221,12,01-Dec-14
Jan,2014,40720255.14,31669728.61,29473395.05,2196333.566,9050526.525,0.7777,0.7238,0.0694,0.2223,1,01-Jan-14
Feb,2014,40732481.45,31718342.35,29574690.1,2143652.25,9014139.101,0.7787,0.7261,0.0676,0.2213,2,01-Feb-14
Mar,2014,40744795.76,31764870.42,29669268.56,2095601.855,8979925.347,0.7796,0.7282,0.066,0.2204,3,01-Mar-14
Apr,2014,40757478.08,31695288.31,29647698.14,2047590.172,9062189.768,0.7777,0.7274,0.0646,0.2223,4,01-Apr-14
May,2014,40769243.39,31639311.48,29636979.75,2002331.736,9129931.907,0.7761,0.7269,0.0633,0.2239,5,01-May-14
Jun,2014,40786756.28,31691284.73,29725684.87,1965599.861,9095471.554,0.777,0.7288,0.062,0.223,6,01-Jun-14
Jul,2014,40803734.18,31718172.02,29764881.24,1953290.789,9085562.152,0.7773,0.7295,0.0616,0.2227,7,01-Jul-14
Aug,2014,40821174.07,31708834.47,29761918.3,1946916.165,9112339.604,0.7768,0.7291,0.0614,0.2232,8,01-Aug-14
Sep,2014,40838391.96,31685147.83,29767312.17,1917835.662,9153244.131,0.7759,0.7289,0.0605,0.2241,9,01-Sep-14
Oct,2014,40855815.85,31729913.95,29864679.17,1865234.78,9125901.901,0.7766,0.731,0.0588,0.2234,10,01-Oct-14
Nov,2015,40872521.75,31765753.03,29914324,1851429.033,9106768.716,0.7772,0.7319,0.0583,0.2228,11,01-Nov-15
Dec,2015,40889549.64,31815310.14,29980763.47,1834546.667,9074239.502,0.7781,0.7332,0.0577,0.2219,12,01-Dec-15
Jan,2015,40906500.53,31811339.66,29993576.98,1817762.686,9095160.872,0.7777,0.7332,0.0571,0.2223,1,01-Jan-15
Feb,2015,40923885.43,31811907.75,30003971.99,1807935.756,9111977.678,0.7773,0.7332,0.0568,0.2227,2,01-Feb-15
Mar,2015,40940811.32,31808932.15,29963936.34,1844995.81,9131879.168,0.7769,0.7319,0.058,0.2231,3,01-Mar-15
Apr,2015,40957996.21,31847045.87,30005634.38,1841411.488,9110950.34,0.7776,0.7326,0.0578,0.2224,4,01-Apr-15
May,2015,40975270.1,31871426,30057278.65,1814147.348,9103844.102,0.7778,0.7335,0.0569,0.2222,5,01-May-15
Jun,2015,40994759.05,31872629.61,30101736.01,1770893.604,9122129.436,0.7775,0.7343,0.0556,0.2225,6,01-Jun-15
Jul,2015,41014538.99,31959365.84,30203549.85,1755815.991,9055173.154,0.7792,0.7364,0.0549,0.2208,7,01-Jul-15
Aug,2015,41034505.94,32011840.61,30300341.81,1711498.797,9022665.327,0.7801,0.7384,0.0535,0.2199,8,01-Aug-15
Sep,2015,41053692.88,32026065.74,30341076.52,1684989.22,9027627.137,0.7801,0.7391,0.0526,0.2199,9,01-Sep-15
Oct,2015,41073565.82,32066494.74,30380395.3,1686099.443,9007071.085,0.7807,0.7397,0.0526,0.2193,10,01-Oct-15
Nov,2016,41093149.77,32066979.48,30383855.64,1683123.846,9026170.286,0.7803,0.7394,0.0525,0.2197,11,01-Nov-16
Dec,2016,41112617.71,32115118.33,30417668.12,1697450.214,8997499.381,0.7811,0.7399,0.0529,0.2189,12,01-Dec-16
Jan,2016,41132649.66,32112636.95,30428719.24,1683917.713,9020012.702,0.7807,0.7398,0.0524,0.2193,1,01-Jan-16
Feb,2016,41152118.6,32127251.36,30464897.9,1662353.455,9024867.243,0.7807,0.7403,0.0517,0.2193,2,01-Feb-16
Mar,2016,41171727.54,32191200.27,30545783.9,1645416.37,8980527.271,0.7819,0.7419,0.0511,0.2181,3,01-Mar-16
Apr,2016,41191045.49,32228624.72,30583438.5,1645186.214,8962420.769,0.7824,0.7425,0.051,0.2176,4,01-Apr-16
May,2016,41211068.43,32270813.28,30632585.76,1638227.524,8940255.15,0.7831,0.7433,0.0508,0.2169,5,01-May-16
Jun,2016,41221273.08,32305219.25,30631230.62,1673988.636,8916053.825,0.7837,0.7431,0.0518,0.2163,6,01-Jun-16
Jul,2016,41231633.73,32243815.73,30621726.44,1622089.288,8987817.994,0.782,0.7427,0.0503,0.218,7,01-Jul-16
Aug,2016,41241508.37,32240401.46,30622326.59,1618074.868,9001106.915,0.7817,0.7425,0.0502,0.2183,8,01-Aug-16
Sep,2016,41252184.02,32241833.52,30634996.29,1606837.228,9010350.497,0.7816,0.7426,0.0498,0.2184,9,01-Sep-16
Oct,2016,41262830.67,32280916.59,30690531.23,1590385.362,8981914.071,0.7823,0.7438,0.0493,0.2177,10,01-Oct-16
Nov,2017,41272815.31,32264739.16,30684575.48,1580163.679,9008076.157,0.7817,0.7435,0.049,0.2183,11,01-Nov-17
Dec,2017,41283326.96,32287206.58,30727162.44,1560044.138,8996120.378,0.7821,0.7443,0.0483,0.2179,12,01-Dec-17
Jan,2017,41293156.61,32330454.21,30792887.07,1537567.133,8962702.401,0.7829,0.7457,0.0476,0.2171,1,01-Jan-17
Feb,2017,41303927.25,32330349.43,30798964.93,1531384.501,8973577.821,0.7827,0.7457,0.0474,0.2173,2,01-Feb-17
Mar,2017,41314604.9,32364302.44,30864270.34,1500032.095,8950302.464,0.7834,0.7471,0.0463,0.2166,3,01-Mar-17
Apr,2017,41324521.55,32441647.64,30950916.69,1490730.958,8882873.904,0.785,0.749,0.046,0.215,4,01-Apr-17
May,2017,41334992.19,32480478.18,31023344.74,1457133.444,8854514.014,0.7858,0.7505,0.0449,0.2142,5,01-May-17
Jun,2017,41344700.18,32429965.68,30976335.46,1453630.22,8914734.503,0.7844,0.7492,0.0448,0.2156,6,01-Jun-17
Jul,2017,41355090.16,32360781.88,30927623.32,1433158.553,8994308.286,0.7825,0.7479,0.0443,0.2175,7,01-Jul-17
Aug,2017,41364839.15,32387077.13,30960927.95,1426149.18,8977762.019,0.783,0.7485,0.044,0.217,8,01-Aug-17
Sep,2017,41374597.13,32515877.02,31073891.26,1441985.758,8858720.111,0.7859,0.751,0.0443,0.2141,9,01-Sep-17
Oct,2017,41384547.12,32480821.61,31011712.95,1469108.662,8903725.507,0.7849,0.7494,0.0452,0.2151,10,01-Oct-17
Nov,2018,41393695.1,32530194.83,31068745.76,1461449.073,8863500.266,0.7859,0.7506,0.0449,0.2141,11,01-Nov-18
Dec,2018,41404032.09,32531194.65,31103811.26,1427383.395,8872837.434,0.7857,0.7512,0.0439,0.2143,12,01-Dec-18
Jan,2018,41413609.07,32608527.18,31185134.68,1423392.498,8805081.887,0.7874,0.753,0.0437,0.2126,1,01-Jan-18
Feb,2018,41423587.05,32626957.9,31203577.85,1423380.054,8796629.15,0.7876,0.7533,0.0436,0.2124,2,01-Feb-18
Mar,2018,41434089.04,32640348.7,31224891.91,1415456.792,8793740.335,0.7878,0.7536,0.0434,0.2122,3,01-Mar-18
Apr,2018,41443390.02,32570600.37,31195139.71,1375460.656,8872789.653,0.7859,0.7527,0.0422,0.2141,4,01-Apr-18
May,2018,41453645.01,32559546.79,31187993.04,1371553.743,8894098.222,0.7854,0.7524,0.0421,0.2146,5,01-May-18
Jun,2018,41464363.08,32585430.39,31209678.31,1375752.076,8878932.695,0.7859,0.7527,0.0422,0.2141,6,01-Jun-18
Jul,2018,41475461.15,32607166.76,31214083.17,1393083.599,8868294.387,0.7862,0.7526,0.0427,0.2138,7,01-Jul-18
Aug,2018,41486633.22,32676000.22,31286017.68,1389982.547,8810633,0.7876,0.7541,0.0425,0.2124,8,01-Aug-18
Sep,2018,41497829.3,32699711.76,31312485.3,1387226.451,8798117.542,0.788,0.7546,0.0424,0.212,9,01-Sep-18
Oct,2018,41509084.37,32726089.91,31348632.98,1377456.93,8782994.461,0.7884,0.7552,0.0421,0.2116,10,01-Oct-18
Nov,2019,41520536.44,32818319.93,31467829.29,1350490.641,8702216.515,0.7904,0.7579,0.0412,0.2096,11,01-Nov-19
Dec,2019,41531411.51,32838894.77,31482696.46,1356198.309,8692516.749,0.7907,0.758,0.0413,0.2093,12,01-Dec-19
Jan,2019,41542457.59,32773872.82,31459754.07,1314118.754,8768584.766,0.7889,0.7573,0.0401,0.2111,1,01-Jan-19
Feb,2019,41553737.66,32810939.18,31489370.5,1321568.677,8742798.481,0.7896,0.7578,0.0403,0.2104,2,01-Feb-19
Mar,2019,41564948.73,32780644.9,31469291.41,1311353.496,8784303.828,0.7887,0.7571,0.04,0.2113,3,01-Mar-19
Apr,2019,41575973.8,32845804.42,31497329.16,1348475.253,8730169.386,0.79,0.7576,0.0411,0.21,4,01-Apr-19
May,2019,41587419.88,32829980.61,31513765.31,1316215.303,8757439.266,0.7894,0.7578,0.0401,0.2106,5,01-May-19
Jun,2019,41596390.2,32748272.81,31414789.16,1333483.653,8848117.393,0.7873,0.7552,0.0407,0.2127,6,01-Jun-19
Jul,2019,41604985.53,32815653.76,31491035.14,1324618.616,8789331.773,0.7887,0.7569,0.0404,0.2113,7,01-Jul-19
Aug,2019,41613626.86,32833016.13,31540067,1292949.126,8780610.729,0.789,0.7579,0.0394,0.211,8,01-Aug-19
Sep,2019,41622187.18,32940281.75,31623388.51,1316893.236,8681905.437,0.7914,0.7598,0.04,0.2086,9,01-Sep-19
Oct,2019,41631303.51,32975896.86,31682071.31,1293825.55,8655406.651,0.7921,0.761,0.0392,0.2079,10,01-Oct-19
Nov,2020,41640034.84,33030043.81,31681146.55,1348897.261,8609991.029,0.7932,0.7608,0.0408,0.2068,11,01-Nov-20
Dec,2020,41648922.17,33098409.49,31729859.59,1368549.899,8550512.674,0.7947,0.7618,0.0413,0.2053,12,01-Dec-20
Jan,2020,41628073.49,32999802.16,31614802.27,1384999.894,8628271.331,0.7927,0.7595,0.042,0.2073,1,01-Jan-20
Feb,2020,41601709.82,32852428.58,31452518.23,1399910.351,8749281.244,0.7897,0.756,0.0426,0.2103,2,01-Feb-20
Mar,2020,41602083.15,32822964.67,31404047.25,1418917.414,8779118.481,0.789,0.7549,0.0432,0.211,3,01-Mar-20
Apr,2020,41593009.47,32746425.17,31328877.88,1417547.29,8846584.303,0.7873,0.7532,0.0433,0.2127,4,01-Apr-20
May,2020,41635522.8,32794161.3,31303116.13,1491045.169,8841361.5,0.7876,0.7518,0.0455,0.2124,5,01-May-20
Jun,2020,41663121.79,32773512.41,31208167.46,1565344.952,8889609.377,0.7866,0.7491,0.0478,0.2134,6,01-Jun-20
Jul,2020,41677927.77,32730859.43,31062438.49,1668420.942,8947068.337,0.7853,0.7453,0.051,0.2147,7,01-Jul-20
Aug,2020,41687357.75,32769820.62,31034836.47,1734984.15,8917537.138,0.7861,0.7445,0.0529,0.2139,8,01-Aug-20
Sep,2020,41683187.74,32790881.15,31037460.78,1753420.364,8892306.592,0.7867,0.7446,0.0535,0.2133,9,01-Sep-20
Oct,2020,41681332.72,32701553.08,30915699.99,1785853.088,8979779.646,0.7846,0.7417,0.0546,0.2154,10,01-Oct-20
Nov,2021,41674672.71,32655710.71,30901626.07,1754084.645,9018961.996,0.7836,0.7415,0.0537,0.2164,11,01-Nov-21
Dec,2021,41683497.69,32687584.38,30960641.39,1726942.99,8995913.312,0.7842,0.7428,0.0528,0.2158,12,01-Dec-21
Jan,2021,41686874.68,32638437.79,30951827.93,1686609.859,9048436.885,0.7829,0.7425,0.0517,0.2171,1,01-Jan-21
Feb,2021,41693855.66,32631473.29,30965276.41,1666196.881,9062382.373,0.7826,0.7427,0.0511,0.2174,2,01-Feb-21
Mar,2021,41713153.65,32656867.68,31002078.85,1654788.824,9056285.971,0.7829,0.7432,0.0507,0.2171,3,01-Mar-21
Apr,2021,41725940.63,32732920.24,31120998.02,1611922.217,8993020.394,0.7845,0.7458,0.0492,0.2155,4,01-Apr-21
May,2021,41781602.62,32783588.3,31211552.08,1572036.224,8998014.315,0.7846,0.747,0.048,0.2154,5,01-May-21
Jun,2021,41819678.11,32809585.98,31279386.09,1530199.89,9010092.134,0.7845,0.748,0.0466,0.2155,6,01-Jun-21
Jul,2021,41845316.6,32803574.01,31335851.9,1467722.112,9041742.587,0.7839,0.7488,0.0447,0.2161,7,01-Jul-21
Aug,2021,41868566.09,32810742.41,31371374.33,1439368.08,9057823.677,0.7837,0.7493,0.0439,0.2163,8,01-Aug-21
Sep,2021,41867801.58,32785267.2,31382106.47,1403160.728,9082534.379,0.7831,0.7496,0.0428,0.2169,9,01-Sep-21
Oct,2021,41869173.07,32798128.14,31402557.42,1395570.713,9071044.936,0.7833,0.75,0.0426,0.2167,10,01-Oct-21
Nov,2022,41872864.56,32758992.66,31387732.8,1371259.854,9113871.905,0.7823,0.7496,0.0419,0.2177,11,01-Nov-22
Dec,2022,41894999.05,32741473.57,31416139.51,1325334.058,9153525.482,0.7815,0.7499,0.0405,0.2185,12,01-Dec-22
Jan,2022,41924161.54,32793821.41,31502924.81,1290896.597,9130340.133,0.7822,0.7514,0.0394,0.2178,1,01-Jan-22
Feb,2022,41943637.04,32856754.51,31524787.41,1331967.099,9086882.523,0.7834,0.7516,0.0405,0.2166,2,01-Feb-22
Mar,2022,41974973.53,32953224.21,31636558.51,1316665.702,9021749.319,0.7851,0.7537,0.04,0.2149,3,01-Mar-22
Apr,2022,42000127.02,32831179.53,31509046.56,1322132.972,9168947.485,0.7817,0.7502,0.0403,0.2183,4,01-Apr-22
May,2022,42068914.51,32775351.8,31519842.83,1255508.963,9293562.71,0.7791,0.7492,0.0383,0.2209,5,01-May-22
Jun,2022,42099691.75,32816050.08,31592231.48,1223818.598,9283641.677,0.7795,0.7504,0.0373,0.2205,6,01-Jun-22
Jul,2022,42119881,32834952.11,31577043.53,1257908.578,9284928.887,0.7796,0.7497,0.0383,0.2204,7,01-Jul-22
Aug,2022,42134311,32909804.07,31618916.45,1290887.622,9224506.931,0.7811,0.7504,0.0392,0.2189,8,01-Aug-22
Sep,2022,42148173,32986121.08,31710824.68,1275296.397,9162051.924,0.7826,0.7524,0.0387,0.2174,9,01-Sep-22
Oct,2022,42162378,33004610.29,31700243.52,1304366.77,9157767.711,0.7828,0.7519,0.0395,0.2172,10,01-Oct-22
Nov,2023,42177412,33026531.04,31735818.81,1290712.236,9150880.957,0.783,0.7524,0.0391,0.217,11,01-Nov-23
Dec,2023,42191168,33062290.38,31743994.07,1318296.313,9128877.622,0.7836,0.7524,0.0399,0.2164,12,01-Dec-23
Jan,2023,42205070,33124542.16,31771429.36,1353112.799,9080527.839,0.7848,0.7528,0.0408,0.2152,1,01-Jan-23
Feb,2023,42219691,33171021.69,31846604.29,1324417.402,9048669.307,0.7857,0.7543,0.0399,0.2143,2,01-Feb-23
Mar,2023,42233982,33240427.02,31869886.5,1370540.52,8993554.982,0.7871,0.7546,0.0412,0.2129,3,01-Mar-23
Apr,2023,42248022,33188480.05,31757494.99,1430985.06,9059541.954,0.7856,0.7517,0.0431,0.2144,4,01-Apr-23
May,2023,42262205,33124563.47,31659430.48,1465132.99,9137641.527,0.7838,0.7491,0.0442,0.2162,5,01-May-23
Jun,2023,42276735,33027285.77,31599739.11,1427546.667,9249449.226,0.7812,0.7474,0.0432,0.2188,6,01-Jun-23
Jul,2023,42291354,33036751.19,31653585.1,1383166.094,9254602.81,0.7812,0.7485,0.0419,0.2188,7,01-Jul-23
Aug,2023,42306323,33100050.08,31756258.48,1343791.602,9206272.916,0.7824,0.7506,0.0406,0.2176,8,01-Aug-23
Sep,2023,42320439,33066394.03,31735033.35,1331360.676,9254044.97,0.7813,0.7499,0.0403,0.2187,9,01-Sep-23
Oct,2023,42335014,33056852.69,31754886.59,1301966.097,9278161.308,0.7808,0.7501,0.0394,0.2192,10,01-Oct-23
Nov,2024,42350276,33048303.89,31697243.78,1351060.101,9301972.114,0.7804,0.7485,0.0409,0.2196,11,01-Nov-24
Dec,2024,42364314,32960388.21,31556282.53,1404105.677,9403925.791,0.778,0.7449,0.0426,0.222,12,01-Dec-24
Jan,2024,42378709,32996108.16,31551506.39,1444601.769,9382600.843,0.7786,0.7445,0.0438,0.2214,1,01-Jan-24
Feb,2024,42393637,32959725.44,31497627.84,1462097.6,9433911.556,0.7775,0.743,0.0444,0.2225,2,01-Feb-24
Mar,2024,42408084,33024878.73,31535252.93,1489625.803,9383205.27,0.7787,0.7436,0.0451,0.2213,3,01-Mar-24
