Month Name,Year, Overall, Total economically active, Total in employment, Unemployed, Economically inactive, Economic activity %, Employment %, Unemployment %, Economic inactivity %,Month,Year and Month
Jan,1971,16998000,9441000,8973000,469000,7557000,0.555,0.528,0.05,0.445,1,01-Jan-71
Feb,1971,16999000,9434000,8963000,471000,7565000,0.555,0.527,0.05,0.445,2,01-Feb-71
Mar,1971,17000000,9439000,8965000,474000,7561000,0.555,0.527,0.05,0.445,3,01-Mar-71
Apr,1971,17000000,9441000,8965000,477000,7559000,0.555,0.527,0.05,0.445,4,01-Apr-71
May,1971,17001000,9446000,8967000,479000,7555000,0.556,0.527,0.051,0.444,5,01-May-71
Jun,1971,17001000,9440000,8961000,479000,7561000,0.555,0.527,0.051,0.445,6,01-Jun-71
Jul,1971,17001000,9431000,8951000,480000,7569000,0.555,0.527,0.051,0.445,7,01-Jul-71
Aug,1971,17000000,9426000,8943000,483000,7574000,0.554,0.526,0.051,0.446,8,01-Aug-71
Sep,1971,17000000,9428000,8940000,488000,7571000,0.555,0.526,0.052,0.445,9,01-Sep-71
Oct,1971,16999000,9435000,8943000,492000,7564000,0.555,0.526,0.052,0.445,10,01-Oct-71
Nov,1972,16999000,9450000,8957000,493000,7549000,0.556,0.527,0.052,0.444,11,01-Nov-72
Dec,1972,16999000,9468000,8975000,493000,7530000,0.557,0.528,0.052,0.443,12,01-Dec-72
Jan,1972,16998000,9491000,8996000,494000,7508000,0.558,0.529,0.052,0.442,1,01-Jan-72
Feb,1972,16998000,9507000,9011000,496000,7491000,0.559,0.53,0.052,0.441,2,01-Feb-72
Mar,1972,16997000,9518000,9021000,497000,7480000,0.56,0.531,0.052,0.44,3,01-Mar-72
Apr,1972,16997000,9523000,9027000,496000,7474000,0.56,0.531,0.052,0.44,4,01-Apr-72
May,1972,16997000,9528000,9034000,494000,7468000,0.561,0.532,0.052,0.439,5,01-May-72
Jun,1972,16996000,9537000,9046000,492000,7459000,0.561,0.532,0.052,0.439,6,01-Jun-72
Jul,1972,16997000,9552000,9062000,490000,7445000,0.562,0.533,0.051,0.438,7,01-Jul-72
Aug,1972,16998000,9568000,9079000,489000,7429000,0.563,0.534,0.051,0.437,8,01-Aug-72
Sep,1972,16998000,9584000,9094000,490000,7414000,0.564,0.535,0.051,0.436,9,01-Sep-72
Oct,1972,16999000,9606000,9117000,489000,7393000,0.565,0.536,0.051,0.435,10,01-Oct-72
Nov,1973,16999000,9631000,9144000,487000,7368000,0.567,0.538,0.051,0.433,11,01-Nov-73
Dec,1973,17000000,9662000,9178000,484000,7338000,0.568,0.54,0.05,0.432,12,01-Dec-73
Jan,1973,17000000,9694000,9212000,481000,7307000,0.57,0.542,0.05,0.43,1,01-Jan-73
Feb,1973,17001000,9717000,9238000,480000,7284000,0.572,0.543,0.049,0.428,2,01-Feb-73
Mar,1973,17002000,9736000,9258000,479000,7265000,0.573,0.545,0.049,0.427,3,01-Mar-73
Apr,1973,17002000,9744000,9267000,477000,7258000,0.573,0.545,0.049,0.427,4,01-Apr-73
May,1973,17003000,9750000,9275000,475000,7253000,0.573,0.545,0.049,0.427,5,01-May-73
Jun,1973,17003000,9754000,9282000,472000,7249000,0.574,0.546,0.048,0.426,6,01-Jun-73
Jul,1973,17003000,9765000,9297000,469000,7238000,0.574,0.547,0.048,0.426,7,01-Jul-73
Aug,1973,17003000,9778000,9312000,466000,7225000,0.575,0.548,0.048,0.425,8,01-Aug-73
Sep,1973,17002000,9789000,9326000,463000,7213000,0.576,0.549,0.047,0.424,9,01-Sep-73
Oct,1973,17002000,9801000,9341000,461000,7200000,0.576,0.549,0.047,0.424,10,01-Oct-73
Nov,1974,17001000,9815000,9354000,461000,7187000,0.577,0.55,0.047,0.423,11,01-Nov-74
Dec,1974,17001000,9823000,9360000,463000,7178000,0.578,0.551,0.047,0.422,12,01-Dec-74
Jan,1974,17000000,9836000,9371000,465000,7164000,0.579,0.551,0.047,0.421,1,01-Jan-74
Feb,1974,17000000,9847000,9380000,467000,7152000,0.579,0.552,0.047,0.421,2,01-Feb-74
Mar,1974,16999000,9860000,9392000,468000,7139000,0.58,0.552,0.047,0.42,3,01-Mar-74
Apr,1974,16999000,9874000,9404000,470000,7125000,0.581,0.553,0.048,0.419,4,01-Apr-74
May,1974,16998000,9890000,9420000,470000,7108000,0.582,0.554,0.048,0.418,5,01-May-74
Jun,1974,16998000,9907000,9436000,471000,7091000,0.583,0.555,0.048,0.417,6,01-Jun-74
Jul,1974,16999000,9923000,9452000,471000,7076000,0.584,0.556,0.047,0.416,7,01-Jul-74
Aug,1974,16999000,9934000,9462000,472000,7065000,0.584,0.557,0.047,0.416,8,01-Aug-74
Sep,1974,17000000,9940000,9468000,472000,7060000,0.585,0.557,0.047,0.415,9,01-Sep-74
Oct,1974,17001000,9941000,9469000,472000,7060000,0.585,0.557,0.047,0.415,10,01-Oct-74
Nov,1975,17002000,9942000,9467000,475000,7059000,0.585,0.557,0.048,0.415,11,01-Nov-75
Dec,1975,17003000,9945000,9466000,479000,7058000,0.585,0.557,0.048,0.415,12,01-Dec-75
Jan,1975,17004000,9946000,9461000,485000,7058000,0.585,0.556,0.049,0.415,1,01-Jan-75
Feb,1975,17004000,9950000,9459000,491000,7054000,0.585,0.556,0.049,0.415,2,01-Feb-75
Mar,1975,17005000,9958000,9459000,499000,7047000,0.586,0.556,0.05,0.414,3,01-Mar-75
Apr,1975,17006000,9966000,9459000,507000,7040000,0.586,0.556,0.051,0.414,4,01-Apr-75
May,1975,17007000,9973000,9458000,514000,7034000,0.586,0.556,0.052,0.414,5,01-May-75
Jun,1975,17006000,9977000,9457000,520000,7029000,0.587,0.556,0.052,0.413,6,01-Jun-75
Jul,1975,17010000,9978000,9452000,526000,7032000,0.587,0.556,0.053,0.413,7,01-Jul-75
Aug,1975,17015000,9984000,9450000,534000,7031000,0.587,0.555,0.053,0.413,8,01-Aug-75
Sep,1975,17019000,9991000,9448000,543000,7028000,0.587,0.555,0.054,0.413,9,01-Sep-75
Oct,1975,17024000,9995000,9442000,553000,7029000,0.587,0.555,0.055,0.413,10,01-Oct-75
Nov,1976,17028000,10001000,9442000,559000,7027000,0.587,0.554,0.056,0.413,11,01-Nov-76
Dec,1976,17032000,10002000,9437000,566000,7030000,0.587,0.554,0.057,0.413,12,01-Dec-76
Jan,1976,17037000,10004000,9432000,572000,7033000,0.587,0.554,0.057,0.413,1,01-Jan-76
Feb,1976,17041000,10009000,9432000,577000,7032000,0.587,0.553,0.058,0.413,2,01-Feb-76
Mar,1976,17046000,10012000,9430000,582000,7034000,0.587,0.553,0.058,0.413,3,01-Mar-76
Apr,1976,17050000,10016000,9431000,585000,7034000,0.587,0.553,0.058,0.413,4,01-Apr-76
May,1976,17055000,10023000,9434000,589000,7031000,0.588,0.553,0.059,0.412,5,01-May-76
Jun,1976,17058000,10029000,9435000,594000,7029000,0.588,0.553,0.059,0.412,6,01-Jun-76
Jul,1976,17064000,10038000,9439000,599000,7026000,0.588,0.553,0.06,0.412,7,01-Jul-76
Aug,1976,17071000,10044000,9442000,603000,7026000,0.588,0.553,0.06,0.412,8,01-Aug-76
Sep,1976,17077000,10050000,9445000,605000,7027000,0.588,0.553,0.06,0.412,9,01-Sep-76
Oct,1976,17084000,10059000,9452000,607000,7025000,0.589,0.553,0.06,0.411,10,01-Oct-76
Nov,1977,17090000,10069000,9459000,610000,7021000,0.589,0.553,0.061,0.411,11,01-Nov-77
Dec,1977,17097000,10078000,9466000,612000,7019000,0.589,0.554,0.061,0.411,12,01-Dec-77
Jan,1977,17103000,10085000,9471000,613000,7018000,0.59,0.554,0.061,0.41,1,01-Jan-77
Feb,1977,17110000,10091000,9477000,615000,7018000,0.59,0.554,0.061,0.41,2,01-Feb-77
Mar,1977,17116000,10096000,9480000,616000,7020000,0.59,0.554,0.061,0.41,3,01-Mar-77
Apr,1977,17123000,10106000,9486000,620000,7017000,0.59,0.554,0.061,0.41,4,01-Apr-77
May,1977,17129000,10119000,9493000,626000,7010000,0.591,0.554,0.062,0.409,5,01-May-77
Jun,1977,17133000,10128000,9497000,632000,7004000,0.591,0.554,0.062,0.409,6,01-Jun-77
Jul,1977,17140000,10141000,9504000,638000,6999000,0.592,0.554,0.063,0.408,7,01-Jul-77
Aug,1977,17147000,10152000,9511000,640000,6995000,0.592,0.555,0.063,0.408,8,01-Aug-77
Sep,1977,17153000,10164000,9521000,643000,6989000,0.593,0.555,0.063,0.407,9,01-Sep-77
Oct,1977,17160000,10170000,9526000,644000,6990000,0.593,0.555,0.063,0.407,10,01-Oct-77
Nov,1978,17167000,10179000,9535000,644000,6988000,0.593,0.555,0.063,0.407,11,01-Nov-78
Dec,1978,17174000,10190000,9548000,642000,6984000,0.593,0.556,0.063,0.407,12,01-Dec-78
Jan,1978,17181000,10200000,9559000,640000,6981000,0.594,0.556,0.063,0.406,1,01-Jan-78
Feb,1978,17188000,10217000,9576000,641000,6971000,0.594,0.557,0.063,0.406,2,01-Feb-78
Mar,1978,17195000,10229000,9587000,642000,6966000,0.595,0.558,0.063,0.405,3,01-Mar-78
Apr,1978,17201000,10244000,9600000,644000,6958000,0.596,0.558,0.063,0.404,4,01-Apr-78
May,1978,17208000,10253000,9609000,644000,6955000,0.596,0.558,0.063,0.404,5,01-May-78
Jun,1978,17216000,10269000,9622000,647000,6947000,0.596,0.559,0.063,0.404,6,01-Jun-78
Jul,1978,17223000,10281000,9634000,647000,6942000,0.597,0.559,0.063,0.403,7,01-Jul-78
Aug,1978,17230000,10299000,9652000,647000,6931000,0.598,0.56,0.063,0.402,8,01-Aug-78
Sep,1978,17237000,10319000,9675000,644000,6918000,0.599,0.561,0.062,0.401,9,01-Sep-78
Oct,1978,17244000,10340000,9698000,641000,6904000,0.6,0.562,0.062,0.4,10,01-Oct-78
Nov,1979,17251000,10351000,9712000,639000,6900000,0.6,0.563,0.062,0.4,11,01-Nov-79
Dec,1979,17258000,10362000,9722000,640000,6897000,0.6,0.563,0.062,0.4,12,01-Dec-79
Jan,1979,17265000,10367000,9726000,641000,6898000,0.6,0.563,0.062,0.4,1,01-Jan-79
Feb,1979,17273000,10371000,9729000,641000,6902000,0.6,0.563,0.062,0.4,2,01-Feb-79
Mar,1979,17280000,10385000,9743000,642000,6894000,0.601,0.564,0.062,0.399,3,01-Mar-79
Apr,1979,17287000,10408000,9763000,645000,6878000,0.602,0.565,0.062,0.398,4,01-Apr-79
May,1979,17294000,10434000,9783000,651000,6860000,0.603,0.566,0.062,0.397,5,01-May-79
Jun,1979,17312000,10455000,9801000,654000,6856000,0.604,0.566,0.063,0.396,6,01-Jun-79
Jul,1979,17321000,10472000,9815000,657000,6850000,0.605,0.567,0.063,0.395,7,01-Jul-79
Aug,1979,17331000,10494000,9834000,660000,6837000,0.606,0.567,0.063,0.394,8,01-Aug-79
Sep,1979,17341000,10513000,9850000,663000,6827000,0.606,0.568,0.063,0.394,9,01-Sep-79
Oct,1979,17350000,10536000,9867000,669000,6815000,0.607,0.569,0.064,0.393,10,01-Oct-79
Nov,1980,17360000,10557000,9881000,676000,6803000,0.608,0.569,0.064,0.392,11,01-Nov-80
Dec,1980,17370000,10574000,9888000,686000,6795000,0.609,0.569,0.065,0.391,12,01-Dec-80
Jan,1980,17379000,10583000,9885000,698000,6796000,0.609,0.569,0.066,0.391,1,01-Jan-80
Feb,1980,17389000,10592000,9883000,710000,6797000,0.609,0.568,0.067,0.391,2,01-Feb-80
Mar,1980,17399000,10606000,9884000,722000,6793000,0.61,0.568,0.068,0.39,3,01-Mar-80
Apr,1980,17408000,10621000,9886000,735000,6787000,0.61,0.568,0.069,0.39,4,01-Apr-80
May,1980,17418000,10634000,9885000,749000,6784000,0.611,0.568,0.07,0.389,5,01-May-80
Jun,1980,17428000,10646000,9879000,767000,6782000,0.611,0.567,0.072,0.389,6,01-Jun-80
Jul,1980,17439000,10652000,9866000,786000,6787000,0.611,0.566,0.074,0.389,7,01-Jul-80
Aug,1980,17450000,10662000,9856000,806000,6788000,0.611,0.565,0.076,0.389,8,01-Aug-80
Sep,1980,17461000,10669000,9843000,826000,6791000,0.611,0.564,0.077,0.389,9,01-Sep-80
Oct,1980,17472000,10683000,9834000,849000,6789000,0.611,0.563,0.079,0.389,10,01-Oct-80
Nov,1981,17483000,10694000,9825000,870000,6788000,0.612,0.562,0.081,0.388,11,01-Nov-81
Dec,1981,17494000,10701000,9813000,888000,6793000,0.612,0.561,0.083,0.388,12,01-Dec-81
Jan,1981,17505000,10710000,9804000,905000,6795000,0.612,0.56,0.085,0.388,1,01-Jan-81
Feb,1981,17516000,10717000,9795000,921000,6799000,0.612,0.559,0.086,0.388,2,01-Feb-81
Mar,1981,17527000,10721000,9786000,936000,6806000,0.612,0.558,0.087,0.388,3,01-Mar-81
Apr,1981,17538000,10718000,9772000,946000,6820000,0.611,0.557,0.088,0.389,4,01-Apr-81
May,1981,17549000,10715000,9760000,955000,6833000,0.611,0.556,0.089,0.389,5,01-May-81
Jun,1981,17560000,10715000,9752000,964000,6844000,0.61,0.555,0.09,0.39,6,01-Jun-81
Jul,1981,17568000,10717000,9744000,973000,6852000,0.61,0.555,0.091,0.39,7,01-Jul-81
Aug,1981,17577000,10720000,9738000,982000,6857000,0.61,0.554,0.092,0.39,8,01-Aug-81
Sep,1981,17586000,10720000,9729000,991000,6866000,0.61,0.553,0.092,0.39,9,01-Sep-81
Oct,1981,17595000,10718000,9722000,997000,6876000,0.609,0.553,0.093,0.391,10,01-Oct-81
Nov,1982,17604000,10713000,9711000,1001000,6891000,0.609,0.552,0.093,0.391,11,01-Nov-82
Dec,1982,17612000,10706000,9702000,1004000,6906000,0.608,0.551,0.094,0.392,12,01-Dec-82
Jan,1982,17621000,10701000,9694000,1007000,6920000,0.607,0.55,0.094,0.393,1,01-Jan-82
Feb,1982,17630000,10701000,9689000,1012000,6929000,0.607,0.55,0.095,0.393,2,01-Feb-82
Mar,1982,17639000,10697000,9681000,1016000,6942000,0.606,0.549,0.095,0.394,3,01-Mar-82
Apr,1982,17647000,10694000,9675000,1020000,6953000,0.606,0.548,0.095,0.394,4,01-Apr-82
May,1982,17656000,10685000,9661000,1024000,6971000,0.605,0.547,0.096,0.395,5,01-May-82
Jun,1982,17666000,10677000,9648000,1029000,6989000,0.604,0.546,0.096,0.396,6,01-Jun-82
Jul,1982,17678000,10666000,9631000,1035000,7012000,0.603,0.545,0.097,0.397,7,01-Jul-82
Aug,1982,17691000,10658000,9616000,1042000,7033000,0.602,0.544,0.098,0.398,8,01-Aug-82
Sep,1982,17704000,10649000,9599000,1050000,7055000,0.601,0.542,0.099,0.399,9,01-Sep-82
Oct,1982,17717000,10641000,9584000,1057000,7076000,0.601,0.541,0.099,0.399,10,01-Oct-82
Nov,1983,17729000,10630000,9568000,1063000,7099000,0.6,0.54,0.1,0.4,11,01-Nov-83
Dec,1983,17742000,10625000,9556000,1070000,7117000,0.599,0.539,0.101,0.401,12,01-Dec-83
Jan,1983,17755000,10622000,9547000,1075000,7133000,0.598,0.538,0.101,0.402,1,01-Jan-83
Feb,1983,17768000,10630000,9549000,1081000,7138000,0.598,0.537,0.102,0.402,2,01-Feb-83
Mar,1983,17780000,10646000,9557000,1089000,7134000,0.599,0.538,0.102,0.401,3,01-Mar-83
Apr,1983,17793000,10690000,9582000,1109000,7103000,0.601,0.538,0.104,0.399,4,01-Apr-83
May,1983,17806000,10743000,9613000,1130000,7063000,0.603,0.54,0.105,0.397,5,01-May-83
Jun,1983,17818000,10798000,9648000,1150000,7020000,0.606,0.541,0.107,0.394,6,01-Jun-83
Jul,1983,17830000,10856000,9686000,1170000,6974000,0.609,0.543,0.108,0.391,7,01-Jul-83
Aug,1983,17842000,10915000,9725000,1190000,6927000,0.612,0.545,0.109,0.388,8,01-Aug-83
Sep,1983,17855000,10977000,9763000,1214000,6878000,0.615,0.547,0.111,0.385,9,01-Sep-83
Oct,1983,17867000,11033000,9797000,1236000,6834000,0.618,0.548,0.112,0.382,10,01-Oct-83
Nov,1984,17880000,11086000,9827000,1259000,6794000,0.62,0.55,0.114,0.38,11,01-Nov-84
Dec,1984,17892000,11133000,9852000,1281000,6759000,0.622,0.551,0.115,0.378,12,01-Dec-84
Jan,1984,17904000,11179000,9873000,1305000,6726000,0.624,0.551,0.117,0.376,1,01-Jan-84
Feb,1984,17917000,11219000,9895000,1324000,6697000,0.626,0.552,0.118,0.374,2,01-Feb-84
Mar,1984,17929000,11257000,9917000,1340000,6672000,0.628,0.553,0.119,0.372,3,01-Mar-84
Apr,1984,17941000,11272000,9936000,1336000,6669000,0.628,0.554,0.119,0.372,4,01-Apr-84
May,1984,17954000,11289000,9958000,1331000,6664000,0.629,0.555,0.118,0.371,5,01-May-84
Jun,1984,17956000,11299000,9975000,1323000,6657000,0.629,0.556,0.117,0.371,6,01-Jun-84
Jul,1984,17960000,11310000,9992000,1318000,6650000,0.63,0.556,0.117,0.37,7,01-Jul-84
Aug,1984,17964000,11323000,10010000,1313000,6641000,0.63,0.557,0.116,0.37,8,01-Aug-84
Sep,1984,17968000,11340000,10033000,1308000,6628000,0.631,0.558,0.115,0.369,9,01-Sep-84
Oct,1984,17972000,11359000,10057000,1302000,6613000,0.632,0.56,0.115,0.368,10,01-Oct-84
Nov,1985,17976000,11375000,10081000,1294000,6601000,0.633,0.561,0.114,0.367,11,01-Nov-85
Dec,1985,17980000,11385000,10098000,1287000,6595000,0.633,0.562,0.113,0.367,12,01-Dec-85
Jan,1985,17984000,11393000,10115000,1278000,6591000,0.633,0.562,0.112,0.367,1,01-Jan-85
Feb,1985,17988000,11403000,10131000,1272000,6586000,0.634,0.563,0.112,0.366,2,01-Feb-85
Mar,1985,17992000,11413000,10148000,1265000,6579000,0.634,0.564,0.111,0.366,3,01-Mar-85
Apr,1985,17996000,11433000,10168000,1265000,6563000,0.635,0.565,0.111,0.365,4,01-Apr-85
May,1985,18000000,11455000,10190000,1264000,6546000,0.636,0.566,0.11,0.364,5,01-May-85
Jun,1985,18006000,11474000,10211000,1263000,6532000,0.637,0.567,0.11,0.363,6,01-Jun-85
Jul,1985,18011000,11495000,10231000,1264000,6516000,0.638,0.568,0.11,0.362,7,01-Jul-85
Aug,1985,18015000,11514000,10250000,1265000,6501000,0.639,0.569,0.11,0.361,8,01-Aug-85
Sep,1985,18020000,11531000,10265000,1265000,6489000,0.64,0.57,0.11,0.36,9,01-Sep-85
Oct,1985,18024000,11548000,10282000,1266000,6477000,0.641,0.57,0.11,0.359,10,01-Oct-85
Nov,1986,18029000,11561000,10295000,1266000,6468000,0.641,0.571,0.109,0.359,11,01-Nov-86
Dec,1986,18033000,11579000,10310000,1269000,6455000,0.642,0.572,0.11,0.358,12,01-Dec-86
Jan,1986,18038000,11592000,10322000,1270000,6445000,0.643,0.572,0.11,0.357,1,01-Jan-86
Feb,1986,18042000,11613000,10342000,1272000,6429000,0.644,0.573,0.11,0.356,2,01-Feb-86
Mar,1986,18047000,11629000,10356000,1274000,6417000,0.644,0.574,0.11,0.356,3,01-Mar-86
Apr,1986,18051000,11650000,10371000,1279000,6401000,0.645,0.575,0.11,0.355,4,01-Apr-86
May,1986,18056000,11675000,10390000,1285000,6380000,0.647,0.575,0.11,0.353,5,01-May-86
Jun,1986,18061000,11700000,10410000,1291000,6361000,0.648,0.576,0.11,0.352,6,01-Jun-86
Jul,1986,18066000,11723000,10429000,1294000,6343000,0.649,0.577,0.11,0.351,7,01-Jul-86
Aug,1986,18071000,11743000,10448000,1295000,6328000,0.65,0.578,0.11,0.35,8,01-Aug-86
Sep,1986,18076000,11767000,10475000,1292000,6309000,0.651,0.58,0.11,0.349,9,01-Sep-86
Oct,1986,18082000,11785000,10497000,1288000,6296000,0.652,0.581,0.109,0.348,10,01-Oct-86
Nov,1987,18087000,11804000,10519000,1284000,6283000,0.653,0.582,0.109,0.347,11,01-Nov-87
Dec,1987,18092000,11812000,10536000,1276000,6280000,0.653,0.582,0.108,0.347,12,01-Dec-87
Jan,1987,18097000,11813000,10546000,1267000,6284000,0.653,0.583,0.107,0.347,1,01-Jan-87
Feb,1987,18102000,11824000,10568000,1257000,6278000,0.653,0.584,0.106,0.347,2,01-Feb-87
Mar,1987,18107000,11844000,10598000,1245000,6263000,0.654,0.585,0.105,0.346,3,01-Mar-87
Apr,1987,18112000,11864000,10635000,1229000,6248000,0.655,0.587,0.104,0.345,4,01-Apr-87
May,1987,18117000,11887000,10677000,1210000,6230000,0.656,0.589,0.102,0.344,5,01-May-87
Jun,1987,18124000,11899000,10705000,1193000,6225000,0.657,0.591,0.1,0.343,6,01-Jun-87
Jul,1987,18127000,11922000,10746000,1176000,6206000,0.658,0.593,0.099,0.342,7,01-Jul-87
Aug,1987,18131000,11934000,10776000,1158000,6197000,0.658,0.594,0.097,0.342,8,01-Aug-87
Sep,1987,18135000,11951000,10814000,1138000,6183000,0.659,0.596,0.095,0.341,9,01-Sep-87
Oct,1987,18138000,11977000,10857000,1121000,6161000,0.66,0.599,0.094,0.34,10,01-Oct-87
Nov,1988,18142000,11996000,10889000,1106000,6146000,0.661,0.6,0.092,0.339,11,01-Nov-88
Dec,1988,18146000,12014000,10920000,1094000,6132000,0.662,0.602,0.091,0.338,12,01-Dec-88
Jan,1988,18150000,12017000,10938000,1079000,6133000,0.662,0.603,0.09,0.338,1,01-Jan-88
Feb,1988,18153000,12031000,10968000,1063000,6122000,0.663,0.604,0.088,0.337,2,01-Feb-88
Mar,1988,18157000,12041000,10995000,1046000,6116000,0.663,0.606,0.087,0.337,3,01-Mar-88
Apr,1988,18161000,12064000,11031000,1033000,6097000,0.664,0.607,0.086,0.336,4,01-Apr-88
May,1988,18164000,12084000,11065000,1019000,6081000,0.665,0.609,0.084,0.335,5,01-May-88
Jun,1988,18169000,12106000,11101000,1005000,6063000,0.666,0.611,0.083,0.334,6,01-Jun-88
Jul,1988,18172000,12135000,11142000,993000,6038000,0.668,0.613,0.082,0.332,7,01-Jul-88
Aug,1988,18176000,12160000,11177000,983000,6016000,0.669,0.615,0.081,0.331,8,01-Aug-88
Sep,1988,18180000,12180000,11208000,972000,5999000,0.67,0.617,0.08,0.33,9,01-Sep-88
Oct,1988,18183000,12202000,11244000,958000,5981000,0.671,0.618,0.079,0.329,10,01-Oct-88
Nov,1989,18187000,12230000,11285000,945000,5957000,0.672,0.621,0.077,0.328,11,01-Nov-89
Dec,1989,18191000,12250000,11318000,931000,5941000,0.673,0.622,0.076,0.327,12,01-Dec-89
Jan,1989,18194000,12272000,11354000,917000,5923000,0.674,0.624,0.075,0.326,1,01-Jan-89
Feb,1989,18198000,12288000,11388000,901000,5909000,0.675,0.626,0.073,0.325,2,01-Feb-89
Mar,1989,18201000,12290000,11404000,886000,5911000,0.675,0.627,0.072,0.325,3,01-Mar-89
Apr,1989,18205000,12284000,11408000,876000,5921000,0.675,0.627,0.071,0.325,4,01-Apr-89
May,1989,18209000,12289000,11419000,870000,5920000,0.675,0.627,0.071,0.325,5,01-May-89
Jun,1989,18213000,12291000,11426000,865000,5922000,0.675,0.627,0.07,0.325,6,01-Jun-89
Jul,1989,18215000,12300000,11439000,861000,5916000,0.675,0.628,0.07,0.325,7,01-Jul-89
Aug,1989,18218000,12313000,11457000,856000,5905000,0.676,0.629,0.069,0.324,8,01-Aug-89
Sep,1989,18220000,12330000,11477000,853000,5890000,0.677,0.63,0.069,0.323,9,01-Sep-89
Oct,1989,18223000,12349000,11500000,850000,5873000,0.678,0.631,0.069,0.322,10,01-Oct-89
Nov,1990,18225000,12356000,11510000,845000,5869000,0.678,0.632,0.068,0.322,11,01-Nov-90
Dec,1990,18227000,12363000,11520000,842000,5864000,0.678,0.632,0.068,0.322,12,01-Dec-90
Jan,1990,18230000,12360000,11521000,840000,5869000,0.678,0.632,0.068,0.322,1,01-Jan-90
Feb,1990,18232000,12370000,11531000,839000,5863000,0.678,0.632,0.068,0.322,2,01-Feb-90
Mar,1990,18235000,12385000,11547000,838000,5850000,0.679,0.633,0.068,0.321,3,01-Mar-90
Apr,1990,18237000,12402000,11565000,837000,5835000,0.68,0.634,0.067,0.32,4,01-Apr-90
May,1990,18239000,12413000,11576000,837000,5827000,0.681,0.635,0.067,0.319,5,01-May-90
Jun,1990,18242000,12416000,11577000,839000,5826000,0.681,0.635,0.068,0.319,6,01-Jun-90
Jul,1990,18245000,12412000,11570000,842000,5832000,0.68,0.634,0.068,0.32,7,01-Jul-90
Aug,1990,18248000,12406000,11559000,847000,5842000,0.68,0.633,0.068,0.32,8,01-Aug-90
Sep,1990,18251000,12407000,11552000,854000,5845000,0.68,0.633,0.069,0.32,9,01-Sep-90
Oct,1990,18255000,12414000,11551000,863000,5840000,0.68,0.633,0.07,0.32,10,01-Oct-90
Nov,1991,18258000,12407000,11534000,872000,5851000,0.68,0.632,0.07,0.32,11,01-Nov-91
Dec,1991,18261000,12405000,11523000,883000,5856000,0.679,0.631,0.071,0.321,12,01-Dec-91
Jan,1991,18264000,12391000,11494000,897000,5873000,0.678,0.629,0.072,0.322,1,01-Jan-91
Feb,1991,18267000,12389000,11475000,915000,5878000,0.678,0.628,0.074,0.322,2,01-Feb-91
Mar,1991,18271000,12383000,11453000,930000,5888000,0.678,0.627,0.075,0.322,3,01-Mar-91
Apr,1991,18272000,12369000,11433000,936000,5903000,0.677,0.626,0.076,0.323,4,01-Apr-91
May,1991,18273000,12363000,11423000,940000,5911000,0.677,0.625,0.076,0.323,5,01-May-91
Jun,1991,18274000,12353000,11410000,944000,5920000,0.676,0.624,0.076,0.324,6,01-Jun-91
Jul,1991,18274000,12339000,11392000,947000,5935000,0.675,0.623,0.077,0.325,7,01-Jul-91
Aug,1991,18274000,12318000,11371000,947000,5956000,0.674,0.622,0.077,0.326,8,01-Aug-91
Sep,1991,18274000,12296000,11350000,945000,5978000,0.673,0.621,0.077,0.327,9,01-Sep-91
Oct,1991,18274000,12283000,11340000,943000,5991000,0.672,0.621,0.077,0.328,10,01-Oct-91
Nov,1992,18275000,12268000,11327000,941000,6007000,0.671,0.62,0.077,0.329,11,01-Nov-92
Dec,1992,18275000,12256000,11316000,939000,6019000,0.671,0.619,0.077,0.329,12,01-Dec-92
Jan,1992,18275000,12263000,11326000,937000,6012000,0.671,0.62,0.076,0.329,1,01-Jan-92
Feb,1992,18275000,12262000,11328000,934000,6013000,0.671,0.62,0.076,0.329,2,01-Feb-92
Mar,1992,18282847,12259411.06,11327726.16,931684.9055,6023435.938,0.6705,0.6196,0.076,0.3295,3,01-Mar-92
Apr,1992,18283984.25,12241578.41,11307364.75,934213.661,6042405.839,0.6695,0.6184,0.0763,0.3305,4,01-Apr-92
May,1992,18285427.5,12229146.32,11286636.03,942510.2923,6056281.177,0.6688,0.6172,0.0771,0.3312,5,01-May-92
Jun,1992,18285302.75,12240394.95,11296025.98,944368.9744,6044907.795,0.6694,0.6178,0.0772,0.3306,6,01-Jun-92
Jul,1992,18285740,12240579.25,11303949.8,936629.4463,6045160.754,0.6694,0.6182,0.0765,0.3306,7,01-Jul-92
Aug,1992,18286647.25,12238575.28,11296688.83,941886.4585,6048071.965,0.6693,0.6178,0.077,0.3307,8,01-Aug-92
Sep,1992,18287101.5,12263514.9,11307251.1,956263.7944,6023586.603,0.6706,0.6183,0.078,0.3294,9,01-Sep-92
Oct,1992,18287716.75,12261288.83,11294469.66,966819.1617,6026427.923,0.6705,0.6176,0.0789,0.3295,10,01-Oct-92
Nov,1993,18288101,12264910.53,11275584.08,989326.448,6023190.472,0.6706,0.6166,0.0807,0.3294,11,01-Nov-93
Dec,1993,18288807.25,12268660.14,11262544.28,1006115.864,6020147.109,0.6708,0.6158,0.082,0.3292,12,01-Dec-93
Jan,1993,18288935.5,12254575.58,11269051.51,985524.0692,6034359.918,0.6701,0.6162,0.0804,0.3299,1,01-Jan-93
Feb,1993,18289127.75,12269571.83,11286185.14,983386.6937,6019555.918,0.6709,0.6171,0.0801,0.3291,2,01-Feb-93
Mar,1993,18289873,12285714.47,11310206.6,975507.8731,6004158.525,0.6717,0.6184,0.0794,0.3283,3,01-Mar-93
Apr,1993,18290089.75,12293422.05,11304286.32,989135.7344,5996667.695,0.6721,0.6181,0.0805,0.3279,4,01-Apr-93
May,1993,18290924.5,12297056.99,11310957.96,986099.0286,5993867.508,0.6723,0.6184,0.0802,0.3277,5,01-May-93
Jun,1993,18293884.25,12286191.48,11300262.5,985928.9796,6007692.773,0.6716,0.6177,0.0802,0.3284,6,01-Jun-93
Jul,1993,18296517,12309918.94,11341603.75,968315.1925,5986598.062,0.6728,0.6199,0.0787,0.3272,7,01-Jul-93
Aug,1993,18298988.75,12324996.43,11334619.14,990377.2911,5973992.322,0.6735,0.6194,0.0804,0.3265,8,01-Aug-93
Sep,1993,18302361.5,12311411.61,11326234.5,985177.1052,5990949.891,0.6727,0.6188,0.08,0.3273,9,01-Sep-93
Oct,1993,18304930.25,12317830.81,11331496.87,986333.9404,5987099.443,0.6729,0.619,0.0801,0.3271,10,01-Oct-93
Nov,1994,18307955,12316557.5,11335082.75,981474.7533,5991397.5,0.6727,0.6191,0.0797,0.3273,11,01-Nov-94
Dec,1994,18310096.75,12325209.08,11340889.73,984319.3489,5984887.67,0.6731,0.6194,0.0799,0.3269,12,01-Dec-94
Jan,1994,18313284.5,12342641.64,11371662.03,970979.6136,5970642.857,0.674,0.621,0.0787,0.326,1,01-Jan-94
Feb,1994,18315946.25,12339671.77,11385736.44,953935.3312,5976274.479,0.6737,0.6216,0.0773,0.3263,2,01-Feb-94
Mar,1994,18318495,12330853.01,11391731.2,939121.8039,5987641.993,0.6731,0.6219,0.0762,0.3269,3,01-Mar-94
Apr,1994,18321242.92,12329573.49,11404378.97,925194.5215,5991669.422,0.673,0.6225,0.075,0.327,4,01-Apr-94
May,1994,18324027.83,12338535.44,11426461.17,912074.2713,5985492.388,0.6734,0.6236,0.0739,0.3266,5,01-May-94
Jun,1994,18328275.75,12325728.22,11416604.82,909123.4016,6002547.526,0.6725,0.6229,0.0738,0.3275,6,01-Jun-94
Jul,1994,18331735.67,12322047.36,11416727.33,905320.026,6009688.306,0.6722,0.6228,0.0735,0.3278,7,01-Jul-94
Aug,1994,18335719.58,12300479.35,11401968.33,898511.0215,6035240.233,0.6708,0.6218,0.073,0.3292,8,01-Aug-94
Sep,1994,18339340.5,12290912.4,11412948.1,877964.3021,6048428.096,0.6702,0.6223,0.0714,0.3298,9,01-Sep-94
Oct,1994,18343475.42,12276635.63,11409485.34,867150.2831,6066839.79,0.6693,0.622,0.0706,0.3307,10,01-Oct-94
Nov,1995,18347300.33,12261652.7,11400314.43,861338.2711,6085647.63,0.6683,0.6214,0.0702,0.3317,11,01-Nov-95
Dec,1995,18351492,12309064.2,11441910.56,867153.6364,6042427.803,0.6707,0.6235,0.0704,0.3293,12,01-Dec-95
Jan,1995,18354772,12339935.4,11463766.21,876169.1845,6014836.604,0.6723,0.6246,0.071,0.3277,1,01-Jan-95
Feb,1995,18359070,12368874.02,11482450.63,886423.3951,5990195.976,0.6737,0.6254,0.0717,0.3263,2,01-Feb-95
Mar,1995,18363001,12362140.66,11485723.67,876416.9962,6000860.338,0.6732,0.6255,0.0709,0.3268,3,01-Mar-95
Apr,1995,18366758,12369132.48,11512488.03,856644.4536,5997625.518,0.6735,0.6268,0.0693,0.3265,4,01-Apr-95
May,1995,18370585,12397394.88,11534712.64,862682.2418,5973190.122,0.6749,0.6279,0.0696,0.3251,5,01-May-95
Jun,1995,18375547,12423480.5,11562113.12,861367.3787,5952066.498,0.6761,0.6292,0.0693,0.3239,6,01-Jun-95
Jul,1995,18381597,12436503.59,11568951.97,867551.6259,5945093.407,0.6766,0.6294,0.0698,0.3234,7,01-Jul-95
Aug,1995,18387558,12449261.2,11593159.5,856101.6979,5938296.801,0.677,0.6305,0.0688,0.323,8,01-Aug-95
Sep,1995,18392923,12459316.91,11596895.79,862421.1222,5933606.093,0.6774,0.6305,0.0692,0.3226,9,01-Sep-95
Oct,1995,18399171,12479199.68,11644437.05,834762.627,5919971.324,0.6782,0.6329,0.0669,0.3218,10,01-Oct-95
Nov,1996,18404240,12501288.63,11679236.46,822052.1641,5902951.372,0.6793,0.6346,0.0658,0.3207,11,01-Nov-96
Dec,1996,18409881,12489566.27,11679524.62,810041.6495,5920314.727,0.6784,0.6344,0.0649,0.3216,12,01-Dec-96
Jan,1996,18416067,12464260.45,11676831.92,787428.5288,5951806.548,0.6768,0.6341,0.0632,0.3232,1,01-Jan-96
Feb,1996,18421150,12477453.83,11671489.64,805964.1854,5943696.174,0.6773,0.6336,0.0646,0.3227,2,01-Feb-96
Mar,1996,18426972,12504460,11686418.32,818041.6866,5922511.997,0.6786,0.6342,0.0654,0.3214,3,01-Mar-96
Apr,1996,18432983,12510067.1,11692876.75,817190.3485,5922915.9,0.6787,0.6343,0.0653,0.3213,4,01-Apr-96
May,1996,18438619,12488897.42,11675574.78,813322.6456,5949721.576,0.6773,0.6332,0.0651,0.3227,5,01-May-96
Jun,1996,18445209,12501431,11698552.69,802878.3104,5943777.996,0.6778,0.6342,0.0642,0.3222,6,01-Jun-96
Jul,1996,18451478,12514821.12,11709642.35,805178.7701,5936656.884,0.6783,0.6346,0.0643,0.3217,7,01-Jul-96
Aug,1996,18458668,12557526.33,11749855.66,807670.6668,5901141.668,0.6803,0.6365,0.0643,0.3197,8,01-Aug-96
Sep,1996,18465114,12582055.08,11767063.08,814992.004,5883058.92,0.6814,0.6373,0.0648,0.3186,9,01-Sep-96
Oct,1996,18471845,12606376.05,11783849.95,822526.0923,5865468.953,0.6825,0.6379,0.0652,0.3175,10,01-Oct-96
Nov,1997,18478270,12610539.59,11797704.4,812835.1918,5867730.41,0.6825,0.6385,0.0645,0.3175,11,01-Nov-97
Dec,1997,18484450,12625563.21,11830472.14,795091.0708,5858886.791,0.683,0.64,0.063,0.317,12,01-Dec-97
Jan,1997,18491287,12615877.11,11834710.35,781166.7577,5875409.887,0.6823,0.64,0.0619,0.3177,1,01-Jan-97
Feb,1997,18497307,12629982.95,11850770.04,779212.9154,5867324.045,0.6828,0.6407,0.0617,0.3172,2,01-Feb-97
Mar,1997,18503977,12642979.84,11883687.19,759292.6524,5860997.16,0.6833,0.6422,0.0601,0.3167,3,01-Mar-97
Apr,1997,18510764,12688378.24,11908978.26,779399.9874,5822385.757,0.6855,0.6434,0.0614,0.3145,4,01-Apr-97
May,1997,18517137,12689421.64,11902144.03,787277.6076,5827715.357,0.6853,0.6428,0.062,0.3147,5,01-May-97
Jun,1997,18523867,12662142.79,11886676.13,775466.6639,5861724.21,0.6836,0.6417,0.0612,0.3164,6,01-Jun-97
Jul,1997,18530722,12668295.66,11921525.63,746770.0278,5862426.34,0.6836,0.6433,0.0589,0.3164,7,01-Jul-97
Aug,1997,18537872,12650593.38,11918771,731822.3835,5887278.616,0.6824,0.6429,0.0578,0.3176,8,01-Aug-97
Sep,1997,18544366,12653195.02,11927762.66,725432.3681,5891170.977,0.6823,0.6432,0.0573,0.3177,9,01-Sep-97
Oct,1997,18551766,12654208.55,11936591.68,717616.8681,5897557.449,0.6821,0.6434,0.0567,0.3179,10,01-Oct-97
Nov,1998,18558946,12624653.15,11914990.45,709662.6998,5934292.854,0.6802,0.642,0.0562,0.3198,11,01-Nov-98
Dec,1998,18565537,12645247.05,11930251.97,714995.0766,5920289.954,0.6811,0.6426,0.0565,0.3189,12,01-Dec-98
Jan,1998,18572206,12664289.43,11957361.47,706927.9644,5907916.565,0.6819,0.6438,0.0558,0.3181,1,01-Jan-98
Feb,1998,18578627,12686239.78,11984899.02,701340.7595,5892387.218,0.6828,0.6451,0.0553,0.3172,2,01-Feb-98
Mar,1998,18585825,12677889.03,11973201.66,704687.3643,5907935.975,0.6821,0.6442,0.0556,0.3179,3,01-Mar-98
Apr,1998,18592355,12687700.11,11976550.62,711149.491,5904654.888,0.6824,0.6442,0.0561,0.3176,4,01-Apr-98
May,1998,18600050,12724118.83,12009491.89,714626.9326,5875931.173,0.6841,0.6457,0.0562,0.3159,5,01-May-98
Jun,1998,18608613,12752264.38,12040276.57,711987.8106,5856348.623,0.6853,0.647,0.0558,0.3147,6,01-Jun-98
Jul,1998,18617868,12751773.36,12063196.89,688576.4661,5866094.64,0.6849,0.6479,0.054,0.3151,7,01-Jul-98
Aug,1998,18626774,12793616.58,12109509.9,684106.6848,5833157.419,0.6868,0.6501,0.0535,0.3132,8,01-Aug-98
Sep,1998,18635427,12814868.36,12134579.51,680288.8499,5820558.642,0.6877,0.6512,0.0531,0.3123,9,01-Sep-98
Oct,1998,18644576,12816736.71,12135653.2,681083.511,5827839.29,0.6874,0.6509,0.0531,0.3126,10,01-Oct-98
Nov,1999,18653652,12868135.09,12180916.84,687218.2478,5785516.912,0.6898,0.653,0.0534,0.3102,11,01-Nov-99
Dec,1999,18662592,12867345.38,12173514.82,693830.5599,5795246.62,0.6895,0.6523,0.0539,0.3105,12,01-Dec-99
Jan,1999,18671533,12872559.22,12178123.94,694435.2808,5798973.782,0.6894,0.6522,0.0539,0.3106,1,01-Jan-99
Feb,1999,18680765,12874624.7,12181777.79,692846.9117,5806140.297,0.6892,0.6521,0.0538,0.3108,2,01-Feb-99
Mar,1999,18689956,12860577.23,12175009.58,685567.6525,5829378.765,0.6881,0.6514,0.0533,0.3119,3,01-Mar-99
Apr,1999,18698453,12872332.46,12190759.82,681572.6427,5826120.537,0.6884,0.652,0.0529,0.3116,4,01-Apr-99
May,1999,18707629,12875505.06,12195393.52,680111.5394,5832123.944,0.6882,0.6519,0.0528,0.3118,5,01-May-99
Jun,1999,18717878,12896974.5,12220652.31,676322.1895,5820903.498,0.689,0.6529,0.0524,0.311,6,01-Jun-99
Jul,1999,18727683,12922327.33,12250795.61,671531.7206,5805355.669,0.69,0.6542,0.052,0.31,7,01-Jul-99
Aug,1999,18737659,12918906.38,12238258.75,680647.6287,5818752.624,0.6895,0.6531,0.0527,0.3105,8,01-Aug-99
Sep,1999,18747540,12947520.27,12271214.37,676305.8938,5800019.733,0.6906,0.6546,0.0522,0.3094,9,01-Sep-99
Oct,1999,18757806,12981648.82,12305610.85,676037.9779,5776157.176,0.6921,0.656,0.0521,0.3079,10,01-Oct-99
Nov,2000,18767841,12969399.16,12289404.38,679994.7863,5798441.836,0.691,0.6548,0.0524,0.309,11,01-Nov-00
Dec,2000,18777606,12987257.06,12303444.4,683812.6592,5790348.936,0.6916,0.6552,0.0527,0.3084,12,01-Dec-00
Jan,2000,18787950,13009235.68,12318746.71,690488.9688,5778714.317,0.6924,0.6557,0.0531,0.3076,1,01-Jan-00
Feb,2000,18798120,13001653.31,12329043.53,672609.7739,5796466.693,0.6916,0.6559,0.0517,0.3084,2,01-Feb-00
Mar,2000,18807693,13018295.11,12358027.02,660268.0873,5789397.894,0.6922,0.6571,0.0507,0.3078,3,01-Mar-00
Apr,2000,18817871,13030912.05,12393591.8,637320.2519,5786958.949,0.6925,0.6586,0.0489,0.3075,4,01-Apr-00
May,2000,18827709,13059129.89,12426461.07,632668.823,5768579.11,0.6936,0.66,0.0484,0.3064,5,01-May-00
Jun,2000,18837807,13082612.81,12463542.43,619070.3874,5755194.186,0.6945,0.6616,0.0473,0.3055,6,01-Jun-00
Jul,2000,18847882,13097419.56,12463467.23,633952.3352,5750462.439,0.6949,0.6613,0.0484,0.3051,7,01-Jul-00
Aug,2000,18857787,13082413.29,12436921.52,645491.7766,5775373.707,0.6937,0.6595,0.0493,0.3063,8,01-Aug-00
Sep,2000,18867736,13046039.19,12425855.59,620183.5957,5821696.813,0.6914,0.6586,0.0475,0.3086,9,01-Sep-00
Oct,2000,18877506,13043759.52,12440154.8,603604.7187,5833746.479,0.691,0.659,0.0463,0.309,10,01-Oct-00
Nov,2001,18887479,13088747.72,12490742.66,598005.0612,5798731.283,0.693,0.6613,0.0457,0.307,11,01-Nov-01
Dec,2001,18897388,13079234.94,12487334.22,591900.7199,5818153.057,0.6921,0.6608,0.0453,0.3079,12,01-Dec-01
Jan,2001,18906707,13052810.6,12464967.54,587843.0614,5853896.399,0.6904,0.6593,0.045,0.3096,1,01-Jan-01
Feb,2001,18916984,13087273.14,12501815.28,585457.8589,5829710.857,0.6918,0.6609,0.0447,0.3082,2,01-Feb-01
Mar,2001,18926895,13097330.82,12519453.54,577877.284,5829564.177,0.692,0.6615,0.0441,0.308,3,01-Mar-01
Apr,2001,18936758,13131981.37,12546753.75,585227.6247,5804776.63,0.6935,0.6626,0.0446,0.3065,4,01-Apr-01
May,2001,18946433,13109673.13,12530014.24,579658.8926,5836759.866,0.6919,0.6613,0.0442,0.3081,5,01-May-01
Jun,2001,18953961,13098189.4,12516693.01,581496.3959,5855771.597,0.6911,0.6604,0.0444,0.3089,6,01-Jun-01
Jul,2001,18964237,13090845.89,12504391.55,586454.3446,5873391.108,0.6903,0.6594,0.0448,0.3097,7,01-Jul-01
Aug,2001,18974892,13108257.07,12525688.26,582568.8096,5866634.929,0.6908,0.6601,0.0444,0.3092,8,01-Aug-01
Sep,2001,18985234,13151375.27,12558918.73,592456.5445,5833858.727,0.6927,0.6615,0.045,0.3073,9,01-Sep-01
Oct,2001,18995852,13174029.13,12569680.08,604349.0482,5821822.874,0.6935,0.6617,0.0459,0.3065,10,01-Oct-01
Nov,2002,19006614,13155994.07,12554571.88,601422.194,5850619.93,0.6922,0.6605,0.0457,0.3078,11,01-Nov-02
Dec,2002,19016636,13161275.78,12567613.68,593662.1008,5855360.218,0.6921,0.6609,0.0451,0.3079,12,01-Dec-02
Jan,2002,19027471,13173537.65,12583136.15,590401.4976,5853933.349,0.6923,0.6613,0.0448,0.3077,1,01-Jan-02
Feb,2002,19037508,13222795.16,12624759.64,598035.5173,5814712.839,0.6946,0.6632,0.0452,0.3054,2,01-Feb-02
Mar,2002,19048698,13255046.42,12640218.25,614828.1662,5793651.579,0.6959,0.6636,0.0464,0.3041,3,01-Mar-02
Apr,2002,19059381,13274404.81,12670719.89,603684.9248,5784976.186,0.6965,0.6648,0.0455,0.3035,4,01-Apr-02
May,2002,19068922,13250442.78,12646133.68,604309.101,5818479.221,0.6949,0.6632,0.0456,0.3051,5,01-May-02
Jun,2002,19079777,13294445.94,12679864.84,614581.1034,5785331.056,0.6968,0.6646,0.0462,0.3032,6,01-Jun-02
Jul,2002,19089819,13294300.26,12678874.59,615425.6622,5795518.744,0.6964,0.6642,0.0463,0.3036,7,01-Jul-02
Aug,2002,19101013,13308261.75,12689236.15,619025.5976,5792751.251,0.6967,0.6643,0.0465,0.3033,8,01-Aug-02
Sep,2002,19111016,13312282.17,12694968.25,617313.928,5798733.826,0.6966,0.6643,0.0464,0.3034,9,01-Sep-02
Oct,2002,19121425,13314976.07,12694992.53,619983.5362,5806448.934,0.6963,0.6639,0.0466,0.3037,10,01-Oct-02
Nov,2003,19132042,13283595.05,12680321.43,603273.6232,5848446.951,0.6943,0.6628,0.0454,0.3057,11,01-Nov-03
Dec,2003,19142116,13290828.38,12697439.85,593388.5345,5851287.618,0.6943,0.6633,0.0446,0.3057,12,01-Dec-03
Jan,2003,19152442,13317242.05,12720842.1,596399.9491,5835199.951,0.6953,0.6642,0.0448,0.3047,1,01-Jan-03
Feb,2003,19162894,13320274.52,12726351.33,593923.1942,5842619.476,0.6951,0.6641,0.0446,0.3049,2,01-Feb-03
Mar,2003,19173685,13313906.21,12737074.58,576831.6305,5859778.793,0.6944,0.6643,0.0433,0.3056,3,01-Mar-03
Apr,2003,19183828,13311006.51,12734202.91,576803.6047,5872821.487,0.6939,0.6638,0.0433,0.3061,4,01-Apr-03
May,2003,19194481,13335829.58,12738507.22,597322.361,5858651.415,0.6948,0.6637,0.0448,0.3052,5,01-May-03
Jun,2003,19207423,13339174.42,12740287.22,598887.1963,5868248.582,0.6945,0.6633,0.0449,0.3055,6,01-Jun-03
Jul,2003,19220343,13358529.05,12754656.27,603872.7788,5861813.951,0.695,0.6636,0.0452,0.305,7,01-Jul-03
Aug,2003,19233211,13382460.53,12798795.91,583664.618,5850750.47,0.6958,0.6655,0.0436,0.3042,8,01-Aug-03
Sep,2003,19246287,13401027.12,12818393.56,582633.5621,5845259.879,0.6963,0.666,0.0435,0.3037,9,01-Sep-03
Oct,2003,19259239,13401754.12,12827409.53,574344.5889,5857484.877,0.6959,0.666,0.0429,0.3041,10,01-Oct-03
Nov,2004,19272051,13456325.63,12880042.85,576282.7832,5815725.368,0.6982,0.6683,0.0428,0.3018,11,01-Nov-04
Dec,2004,19284883,13470830.97,12889684.79,581146.1739,5814052.035,0.6985,0.6684,0.0431,0.3015,12,01-Dec-04
Jan,2004,19298032,13480436.02,12888754.11,591681.9131,5817595.979,0.6985,0.6679,0.0439,0.3015,1,01-Jan-04
Feb,2004,19311232,13476442.78,12882200.06,594242.7206,5834789.216,0.6979,0.6671,0.0441,0.3021,2,01-Feb-04
Mar,2004,19323830,13480586.85,12875046.8,605540.055,5843243.146,0.6976,0.6663,0.0449,0.3024,3,01-Mar-04
Apr,2004,19337203,13478846.55,12885156.57,593689.9758,5858356.451,0.697,0.6663,0.044,0.303,4,01-Apr-04
May,2004,19349542,13466747.79,12876430.43,590317.3579,5882794.212,0.696,0.6655,0.0438,0.304,5,01-May-04
Jun,2004,19367329,13459703.74,12883425.32,576278.4211,5907625.26,0.695,0.6652,0.0428,0.305,6,01-Jun-04
Jul,2004,19385342,13488919.69,12903180.34,585739.3488,5896422.306,0.6958,0.6656,0.0434,0.3042,7,01-Jul-04
Aug,2004,19403218,13516197.22,12925133.27,591063.9505,5887020.776,0.6966,0.6661,0.0437,0.3034,8,01-Aug-04
Sep,2004,19421319,13542275.61,12966482.81,575792.7999,5879043.385,0.6973,0.6676,0.0425,0.3027,9,01-Sep-04
Oct,2004,19438334,13575482.14,12991126.51,584355.6357,5862851.858,0.6984,0.6683,0.043,0.3016,10,01-Oct-04
Nov,2005,19456847,13599484.25,13016163.84,583320.4143,5857362.746,0.699,0.669,0.0429,0.301,11,01-Nov-05
Dec,2005,19474700,13666374.07,13064978.73,601395.3351,5808325.933,0.7018,0.6709,0.044,0.2982,12,01-Dec-05
Jan,2005,19492957,13624149.94,13043178.78,580971.1634,5868807.061,0.6989,0.6691,0.0426,0.3011,1,01-Jan-05
Feb,2005,19510364,13612053.71,13026652.86,585400.8496,5898310.29,0.6977,0.6677,0.043,0.3023,2,01-Feb-05
Mar,2005,19528197,13648082.32,13052517.94,595564.3807,5880114.677,0.6989,0.6684,0.0436,0.3011,3,01-Mar-05
Apr,2005,19546134,13654551.29,13052509.43,602041.8577,5891582.713,0.6986,0.6678,0.0441,0.3014,4,01-Apr-05
May,2005,19563850,13680031.18,13094617.69,585413.4921,5883818.815,0.6993,0.6693,0.0428,0.3007,5,01-May-05
Jun,2005,19580273,13705879.93,13131144.03,574735.9054,5874393.069,0.7,0.6706,0.0419,0.3,6,01-Jun-05
Jul,2005,19596912,13729126.36,13140703.63,588422.7319,5867785.636,0.7006,0.6705,0.0429,0.2994,7,01-Jul-05
Aug,2005,19613097,13734260.27,13122428.97,611831.2972,5878836.73,0.7003,0.6691,0.0445,0.2997,8,01-Aug-05
Sep,2005,19629562,13724721.89,13095060.63,629661.2652,5904840.106,0.6992,0.6671,0.0459,0.3008,9,01-Sep-05
Oct,2005,19645943,13726655.76,13087213.63,639442.1358,5919287.237,0.6987,0.6662,0.0466,0.3013,10,01-Oct-05
Nov,2006,19662088,13765462.31,13108882.04,656580.2643,5896625.691,0.7001,0.6667,0.0477,0.2999,11,01-Nov-06
Dec,2006,19678361,13818346.77,13149771.62,668575.1488,5860014.233,0.7022,0.6682,0.0484,0.2978,12,01-Dec-06
Jan,2006,19694873,13881179.01,13211363.99,669815.0195,5813693.988,0.7048,0.6708,0.0483,0.2952,1,01-Jan-06
Feb,2006,19711098,13882191.28,13198379.65,683811.627,5828906.719,0.7043,0.6696,0.0493,0.2957,2,01-Feb-06
Mar,2006,19727326,13890856.54,13196312.44,694544.1051,5836469.457,0.7041,0.6689,0.05,0.2959,3,01-Mar-06
Apr,2006,19743890,13937041.5,13225067.42,711974.0818,5806848.495,0.7059,0.6698,0.0511,0.2941,4,01-Apr-06
May,2006,19760060,13947564.36,13227655.54,719908.8138,5812495.642,0.7058,0.6694,0.0516,0.2942,5,01-May-06
Jun,2006,19776019,13984884.27,13263691.87,721192.3989,5791134.727,0.7072,0.6707,0.0516,0.2928,6,01-Jun-06
Jul,2006,19792610,13914889.26,13199197.08,715692.1829,5877720.736,0.703,0.6669,0.0514,0.297,7,01-Jul-06
Aug,2006,19808185,13927671.39,13212555.21,715116.177,5880513.609,0.7031,0.667,0.0513,0.2969,8,01-Aug-06
Sep,2006,19824070,13942602.41,13221868.28,720734.1304,5881467.594,0.7033,0.667,0.0517,0.2967,9,01-Sep-06
Oct,2006,19840550,13952666.68,13224154.4,728512.2853,5887883.318,0.7032,0.6665,0.0522,0.2968,10,01-Oct-06
Nov,2007,19856384,13937452.46,13204388.23,733064.2337,5918931.536,0.7019,0.665,0.0526,0.2981,11,01-Nov-07
Dec,2007,19873016,13918053.39,13187359.29,730694.106,5954962.609,0.7003,0.6636,0.0525,0.2997,12,01-Dec-07
Jan,2007,19888696,13932769.84,13203443.62,729326.2217,5955926.163,0.7005,0.6639,0.0523,0.2995,1,01-Jan-07
Feb,2007,19904400,13941546.23,13221036.88,720509.3489,5962853.77,0.7004,0.6642,0.0517,0.2996,2,01-Feb-07
Mar,2007,19920490,13955318.56,13242868.41,712450.1484,5965171.442,0.7006,0.6648,0.0511,0.2994,3,01-Mar-07
Apr,2007,19936705,13969447.35,13256890.32,712557.0292,5967257.647,0.7007,0.6649,0.051,0.2993,4,01-Apr-07
May,2007,19953082,13983299.65,13278124.07,705175.5796,5969782.346,0.7008,0.6655,0.0504,0.2992,5,01-May-07
Jun,2007,19965898,13995566.38,13287510.57,708055.8164,5970331.616,0.701,0.6655,0.0506,0.299,6,01-Jun-07
Jul,2007,19978956,14014578.74,13302915.25,711663.4902,5964377.26,0.7015,0.6658,0.0508,0.2985,7,01-Jul-07
Aug,2007,19992307,14038925.91,13330206.38,708719.5311,5953381.088,0.7022,0.6668,0.0505,0.2978,8,01-Aug-07
Sep,2007,20005004,14045394.6,13338505.63,706888.9658,5959609.401,0.7021,0.6668,0.0503,0.2979,9,01-Sep-07
Oct,2007,20017775,14078124.1,13381656.72,696467.3829,5939650.902,0.7033,0.6685,0.0495,0.2967,10,01-Oct-07
Nov,2008,20030870,14089318.01,13400772.05,688545.9691,5941551.985,0.7034,0.669,0.0489,0.2966,11,01-Nov-08
Dec,2008,20044045,14120561.18,13435509.86,685051.3151,5923483.821,0.7045,0.6703,0.0485,0.2955,12,01-Dec-08
Jan,2008,20056668,14118709.11,13434237.6,684471.5148,5937958.888,0.7039,0.6698,0.0485,0.2961,1,01-Jan-08
Feb,2008,20070095,14157409.38,13439759.96,717649.4237,5912685.621,0.7054,0.6696,0.0507,0.2946,2,01-Feb-08
Mar,2008,20082948,14169846.66,13484861.5,684985.1517,5913101.344,0.7056,0.6715,0.0483,0.2944,3,01-Mar-08
Apr,2008,20096232,14163784.77,13465796.6,697988.1657,5932447.231,0.7048,0.6701,0.0493,0.2952,4,01-Apr-08
May,2008,20109095,14175595.04,13462922.87,712672.174,5933499.956,0.7049,0.6695,0.0503,0.2951,5,01-May-08
Jun,2008,20118060,14176506.44,13435467.82,741038.6205,5941553.56,0.7047,0.6678,0.0523,0.2953,6,01-Jun-08
Jul,2008,20127300,14176694,13415662.59,761031.4114,5950605.996,0.7044,0.6665,0.0537,0.2956,7,01-Jul-08
Aug,2008,20136556,14180509.62,13410272.91,770236.7126,5956046.375,0.7042,0.666,0.0543,0.2958,8,01-Aug-08
Sep,2008,20146119,14206841.17,13417584.23,789256.9365,5939277.829,0.7052,0.666,0.0556,0.2948,9,01-Sep-08
Oct,2008,20154827,14207060.14,13400518.23,806541.905,5947766.864,0.7049,0.6649,0.0568,0.2951,10,01-Oct-08
Nov,2009,20164346,14256007.8,13427985.46,828022.3455,5908338.196,0.707,0.6659,0.0581,0.293,11,01-Nov-09
Dec,2009,20173129,14228835.98,13378144.91,850691.0711,5944293.015,0.7053,0.6632,0.0598,0.2947,12,01-Dec-09
Jan,2009,20182731,14245788.03,13353722.97,892065.0578,5936942.97,0.7058,0.6616,0.0626,0.2942,1,01-Jan-09
Feb,2009,20191539,14225743.08,13317012.94,908730.1409,5965795.921,0.7045,0.6595,0.0639,0.2955,2,01-Feb-09
Mar,2009,20200630,14235176.19,13297273.12,937903.0706,5965453.809,0.7047,0.6583,0.0659,0.2953,3,01-Mar-09
Apr,2009,20209683,14237345.85,13285198.27,952147.5832,5972337.151,0.7045,0.6574,0.0669,0.2955,4,01-Apr-09
May,2009,20219007,14209953.81,13258569.27,951384.5476,6009053.185,0.7028,0.6557,0.067,0.2972,5,01-May-09
Jun,2009,20228664,14246146.44,13297454.06,948692.3775,5982517.558,0.7043,0.6574,0.0666,0.2957,6,01-Jun-09
Jul,2009,20238587,14263597.74,13316344.44,947253.2999,5974989.261,0.7048,0.658,0.0664,0.2952,7,01-Jul-09
Aug,2009,20248609,14281783.8,13326943.12,954840.678,5966825.204,0.7053,0.6582,0.0669,0.2947,8,01-Aug-09
Sep,2009,20258213,14297870.61,13344971.32,952899.2912,5960342.392,0.7058,0.6587,0.0666,0.2942,9,01-Sep-09
Oct,2009,20268484,14313023.05,13351810.44,961212.6156,5955460.949,0.7062,0.6587,0.0672,0.2938,10,01-Oct-09
Nov,2010,20278345,14284081.3,13347732.22,936349.0762,5994263.699,0.7044,0.6582,0.0656,0.2956,11,01-Nov-10
Dec,2010,20288285,14290799.8,13319334.59,971465.2156,5997485.198,0.7044,0.6565,0.068,0.2956,12,01-Dec-10
Jan,2010,20298039,14284344.61,13307227.69,977116.9194,6013694.394,0.7037,0.6556,0.0684,0.2963,1,01-Jan-10
Feb,2010,20307589,14284681.39,13304876.56,979804.8305,6022907.605,0.7034,0.6552,0.0686,0.2966,2,01-Feb-10
Mar,2010,20317631,14318519.82,13315663.94,1002855.878,5999111.181,0.7047,0.6554,0.07,0.2953,3,01-Mar-10
Apr,2010,20327712,14319969.81,13313350.04,1006619.773,6007742.187,0.7045,0.6549,0.0703,0.2955,4,01-Apr-10
May,2010,20337416,14371207.88,13342739.48,1028468.398,5966208.118,0.7066,0.6561,0.0716,0.2934,5,01-May-10
Jun,2010,20347394,14374190.86,13342473.16,1031717.695,5973203.144,0.7064,0.6557,0.0718,0.2936,6,01-Jun-10
Jul,2010,20356936,14382525.92,13348335.35,1034190.568,5974410.079,0.7065,0.6557,0.0719,0.2935,7,01-Jul-10
Aug,2010,20366490,14361005.26,13306595.9,1054409.359,6005484.738,0.7051,0.6534,0.0734,0.2949,8,01-Aug-10
Sep,2010,20376079,14317327.43,13289638.02,1027689.415,6058751.565,0.7027,0.6522,0.0718,0.2973,9,01-Sep-10
Oct,2010,20385812,14334414.59,13294148.59,1040266.005,6051397.405,0.7032,0.6521,0.0726,0.2968,10,01-Oct-10
Nov,2011,20395025,14365665.75,13315791.06,1049874.683,6029359.254,0.7044,0.6529,0.0731,0.2956,11,01-Nov-11
Dec,2011,20405478,14401024.16,13359667.91,1041356.246,6004453.84,0.7057,0.6547,0.0723,0.2943,12,01-Dec-11
Jan,2011,20414480,14419131.62,13376671.39,1042460.228,5995348.379,0.7063,0.6553,0.0723,0.2937,1,01-Jan-11
Feb,2011,20424334,14365857.82,13336721.92,1029135.904,6058476.177,0.7034,0.653,0.0716,0.2966,2,01-Feb-11
Mar,2011,20434250,14420586.11,13367996.14,1052589.97,6013663.888,0.7057,0.6542,0.073,0.2943,3,01-Mar-11
Apr,2011,20443609,14443157.82,13371548.21,1071609.616,6000451.178,0.7065,0.6541,0.0742,0.2935,4,01-Apr-11
May,2011,20453184,14435771.28,13352212.96,1083558.319,6017412.716,0.7058,0.6528,0.0751,0.2942,5,01-May-11
Jun,2011,20454166.63,14447965.97,13354672.11,1093293.862,6006200.663,0.7064,0.6529,0.0757,0.2936,6,01-Jun-11
Jul,2011,20455021.27,14472757.82,13366288.09,1106469.731,5982263.446,0.7075,0.6534,0.0765,0.2925,7,01-Jul-11
Aug,2011,20455678.9,14486823.71,13367627.67,1119196.033,5968855.197,0.7082,0.6535,0.0773,0.2918,8,01-Aug-11
Sep,2011,20457056.54,14510326.81,13367983.57,1142343.232,5946729.731,0.7093,0.6535,0.0787,0.2907,9,01-Sep-11
Oct,2011,20457550.17,14506284.09,13370409.3,1135874.791,5951266.083,0.7091,0.6536,0.0783,0.2909,10,01-Oct-11
Nov,2012,20458762.81,14501988.73,13364285.57,1137703.16,5956774.075,0.7088,0.6532,0.0785,0.2912,11,01-Nov-12
Dec,2012,20459586.44,14485020.4,13345245.48,1139774.923,5974566.037,0.708,0.6523,0.0787,0.292,12,01-Dec-12
Jan,2012,20460560.08,14515181.46,13388903.21,1126278.25,5945378.611,0.7094,0.6544,0.0776,0.2906,1,01-Jan-12
Feb,2012,20461177.71,14525024.55,13400107.7,1124916.843,5936153.164,0.7099,0.6549,0.0774,0.2901,2,01-Feb-12
Mar,2012,20462198.34,14533792.31,13421764.14,1112028.169,5928406.031,0.7103,0.6559,0.0765,0.2897,3,01-Mar-12
Apr,2012,20462835.98,14567052.47,13457527.73,1109524.738,5895783.513,0.7119,0.6577,0.0762,0.2881,4,01-Apr-12
May,2012,20463719.61,14627388,13510238.66,1117149.347,5836331.61,0.7148,0.6602,0.0764,0.2852,5,01-May-12
Jun,2012,20469781.4,14620336.37,13517873.92,1102462.447,5849445.032,0.7142,0.6604,0.0754,0.2858,6,01-Jun-12
Jul,2012,20475593.18,14622014.53,13515589.39,1106425.138,5853578.653,0.7141,0.6601,0.0757,0.2859,7,01-Jul-12
Aug,2012,20481191.97,14609254.87,13505852.04,1103402.824,5871937.099,0.7133,0.6594,0.0755,0.2867,8,01-Aug-12
Sep,2012,20487123.75,14690075.62,13576214.22,1113861.394,5797048.135,0.717,0.6627,0.0758,0.283,9,01-Sep-12
Oct,2012,20493393.54,14737805.42,13620995.5,1116809.925,5755588.117,0.7191,0.6647,0.0758,0.2809,10,01-Oct-12
Nov,2013,20498977.32,14729355.62,13625761.03,1103594.584,5769621.707,0.7185,0.6647,0.0749,0.2815,11,01-Nov-13
Dec,2013,20504651.11,14753537.43,13614115.32,1139422.114,5751113.679,0.7195,0.664,0.0772,0.2805,12,01-Dec-13
Jan,2013,20510706.89,14737097.13,13631417.14,1105679.992,5773609.762,0.7185,0.6646,0.075,0.2815,1,01-Jan-13
Feb,2013,20516472.68,14754172.38,13649561.4,1104610.984,5762300.293,0.7191,0.6653,0.0749,0.2809,2,01-Feb-13
Mar,2013,20522172.46,14723926.74,13637863.39,1086063.346,5798245.726,0.7175,0.6645,0.0738,0.2825,3,01-Mar-13
Apr,2013,20528218.25,14747529.7,13665565.37,1081964.337,5780688.546,0.7184,0.6657,0.0734,0.2816,4,01-Apr-13
May,2013,20533762.03,14768299.21,13695224.73,1073074.477,5765462.826,0.7192,0.667,0.0727,0.2808,5,01-May-13
Jun,2013,20541731.09,14771967.28,13683720.89,1088246.386,5769763.807,0.7191,0.6661,0.0737,0.2809,6,01-Jun-13
Jul,2013,20549518.14,14792314.37,13694182.94,1098131.431,5757203.773,0.7198,0.6664,0.0742,0.2802,7,01-Jul-13
Aug,2013,20557642.2,14822578.99,13764415.93,1058163.059,5735063.213,0.721,0.6696,0.0714,0.279,8,01-Aug-13
Sep,2013,20564892.25,14814432.39,13785115.98,1029316.409,5750459.865,0.7204,0.6703,0.0695,0.2796,9,01-Sep-13
Oct,2013,20573070.31,14831344.54,13799328.8,1032015.748,5741725.765,0.7209,0.6707,0.0696,0.2791,10,01-Oct-13
Nov,2014,20580760.36,14860686.62,13812443.14,1048243.479,5720073.744,0.7221,0.6711,0.0705,0.2779,11,01-Nov-14
Dec,2014,20588416.42,14881775.01,13889111.5,992663.5088,5706641.414,0.7228,0.6746,0.0667,0.2772,12,01-Dec-14
Jan,2014,20595974.48,14891192.55,13908351.17,982841.3816,5704781.927,0.723,0.6753,0.066,0.277,1,01-Jan-14
Feb,2014,20604134.53,14919372.5,13961839.98,957532.5196,5684762.032,0.7241,0.6776,0.0642,0.2759,2,01-Feb-14
Mar,2014,20612023.59,14962171.71,14005371.58,956800.1284,5649851.878,0.7259,0.6795,0.0639,0.2741,3,01-Mar-14
Apr,2014,20619971.64,14915712.81,13990704.49,925008.3205,5704258.828,0.7234,0.6785,0.062,0.2766,4,01-Apr-14
May,2014,20627326.7,14895713.48,13997378.33,898335.1566,5731613.214,0.7221,0.6786,0.0603,0.2779,5,01-May-14
Jun,2014,20637248.43,14915559.08,14034717.64,880841.4443,5721689.342,0.7227,0.6801,0.0591,0.2773,6,01-Jun-14
Jul,2014,20646542.16,14929912.12,14050563.11,879349.0038,5716630.038,0.7231,0.6805,0.0589,0.2769,7,01-Jul-14
Aug,2014,20656286.89,14945993.36,14072507.07,873486.2893,5710293.526,0.7236,0.6813,0.0584,0.2764,8,01-Aug-14
Sep,2014,20665956.62,14947934.32,14085440.47,862493.8488,5718022.295,0.7233,0.6816,0.0577,0.2767,9,01-Sep-14
Oct,2014,20675772.35,14987427.53,14150426.89,837000.6386,5688344.82,0.7249,0.6844,0.0558,0.2751,10,01-Oct-14
Nov,2015,20685172.08,15006407.12,14165785.43,840621.694,5678764.953,0.7255,0.6848,0.056,0.2745,11,01-Nov-15
Dec,2015,20694806.81,15026776.67,14193997.96,832778.7114,5668030.139,0.7261,0.6859,0.0554,0.2739,12,01-Dec-15
Jan,2015,20704332.54,15014869.08,14186775.71,828093.3635,5689463.46,0.7252,0.6852,0.0552,0.2748,1,01-Jan-15
Feb,2015,20714005.27,15030055.47,14215911.36,814144.1054,5683949.796,0.7256,0.6863,0.0542,0.2744,2,01-Feb-15
Mar,2015,20723547,15054258.45,14202991.83,851266.6197,5669288.544,0.7264,0.6854,0.0565,0.2736,3,01-Mar-15
Apr,2015,20733005.72,15060216.78,14220856.98,839359.8012,5672788.946,0.7264,0.6859,0.0557,0.2736,4,01-Apr-15
May,2015,20742669.45,15077213.5,14238064.97,839148.5344,5665455.955,0.7269,0.6864,0.0557,0.2731,5,01-May-15
Jun,2015,20754503.3,15044748.66,14235552.52,809196.1377,5709754.641,0.7249,0.6859,0.0538,0.2751,6,01-Jun-15
Jul,2015,20766603.15,15110769.53,14304774.55,805994.9794,5655833.615,0.7276,0.6888,0.0533,0.2724,7,01-Jul-15
Aug,2015,20778398.99,15100097.13,14314005.2,786091.9267,5678301.865,0.7267,0.6889,0.0521,0.2733,8,01-Aug-15
Sep,2015,20790283.84,15108364.14,14338769.42,769594.7256,5681919.698,0.7267,0.6897,0.0509,0.2733,9,01-Sep-15
Oct,2015,20802205.69,15131164.6,14357505.2,773659.4035,5671041.084,0.7274,0.6902,0.0511,0.2726,10,01-Oct-15
Nov,2016,20814091.53,15140647.64,14371231.37,769416.2685,5673443.897,0.7274,0.6905,0.0508,0.2726,11,01-Nov-16
Dec,2016,20825756.38,15162781.71,14389420.8,773360.9103,5662974.67,0.7281,0.6909,0.051,0.2719,12,01-Dec-16
Jan,2016,20837710.23,15168993.48,14392336.32,776657.1528,5668716.75,0.728,0.6907,0.0512,0.272,1,01-Jan-16
Feb,2016,20849422.07,15187856.47,14412578.94,775277.5358,5661565.6,0.7285,0.6913,0.051,0.2715,2,01-Feb-16
Mar,2016,20861251.92,15251061.73,14495485.19,755576.5468,5610190.186,0.7311,0.6949,0.0495,0.2689,3,01-Mar-16
Apr,2016,20872949.77,15265854.37,14505720.73,760133.6449,5607095.392,0.7314,0.695,0.0498,0.2686,4,01-Apr-16
May,2016,20885339.61,15287730.26,14547787.3,739942.9545,5597609.356,0.732,0.6966,0.0484,0.268,5,01-May-16
Jun,2016,20892323.64,15298704.54,14521322.08,777382.4634,5593619.101,0.7323,0.6951,0.0508,0.2677,6,01-Jun-16
Jul,2016,20899591.67,15295491.48,14551788.38,743703.102,5604100.19,0.7319,0.6963,0.0486,0.2681,7,01-Jul-16
Aug,2016,20906878.7,15310961.91,14572324.97,738636.9393,5595916.792,0.7323,0.697,0.0482,0.2677,8,01-Aug-16
Sep,2016,20914315.73,15313549.38,14582842.24,730707.1428,5600766.349,0.7322,0.6973,0.0477,0.2678,9,01-Sep-16
Oct,2016,20921843.76,15334196.97,14610473.9,723723.0661,5587646.791,0.7329,0.6983,0.0472,0.2671,10,01-Oct-16
Nov,2017,20928875.79,15311358,14589351,722007.0011,5617517.785,0.7316,0.6971,0.0472,0.2684,11,01-Nov-17
Dec,2017,20936468.82,15335468.63,14620586.94,714881.6889,5601000.185,0.7325,0.6983,0.0466,0.2675,12,01-Dec-17
Jan,2017,20943614.85,15367596.37,14666619.82,700976.5445,5576018.478,0.7338,0.7003,0.0456,0.2662,1,01-Jan-17
Feb,2017,20951154.88,15382938.86,14677542.63,705396.228,5568216.019,0.7342,0.7006,0.0459,0.2658,2,01-Feb-17
Mar,2017,20958694.9,15401818.24,14718404.81,683413.4307,5556876.669,0.7349,0.7023,0.0444,0.2651,3,01-Mar-17
Apr,2017,20965782.93,15440475.56,14754926.89,685548.6745,5525307.371,0.7365,0.7038,0.0444,0.2635,4,01-Apr-17
May,2017,20973255.96,15507571.25,14829435.99,678135.2578,5465684.717,0.7394,0.7071,0.0437,0.2606,5,01-May-17
Jun,2017,20980558.87,15490252.13,14804143.88,686108.2506,5490306.732,0.7383,0.7056,0.0443,0.2617,6,01-Jun-17
Jul,2017,20988539.77,15464526.94,14791482.38,673044.5614,5524012.825,0.7368,0.7047,0.0435,0.2632,7,01-Jul-17
Aug,2017,20995781.67,15491454.86,14831483.13,659971.7265,5504326.817,0.7378,0.7064,0.0426,0.2622,8,01-Aug-17
Sep,2017,21003178.58,15529274.43,14845810.19,683464.2468,5473904.142,0.7394,0.7068,0.044,0.2606,9,01-Sep-17
Oct,2017,21010745.48,15537878.67,14834714.25,703164.4207,5472866.807,0.7395,0.7061,0.0453,0.2605,10,01-Oct-17
Nov,2018,21017662.38,15583402.95,14866631.2,716771.7407,5434259.438,0.7414,0.7073,0.046,0.2586,11,01-Nov-18
Dec,2018,21025585.29,15579422.36,14889458.07,689964.2973,5446162.922,0.741,0.7082,0.0443,0.259,12,01-Dec-18
Jan,2018,21032860.19,15612800,14928193.76,684606.2341,5420060.191,0.7423,0.7098,0.0438,0.2577,1,01-Jan-18
Feb,2018,21040499.09,15623623.45,14957641.53,665981.9254,5416875.642,0.7426,0.7109,0.0426,0.2574,2,01-Feb-18
Mar,2018,21048369,15623843.9,14954487.39,669356.5057,5424525.099,0.7423,0.7105,0.0428,0.2577,3,01-Mar-18
Apr,2018,21055341.9,15575259.19,14917827.67,657431.513,5480082.712,0.7397,0.7085,0.0422,0.2603,4,01-Apr-18
May,2018,21063054.8,15571237.95,14913529.35,657708.5906,5491816.858,0.7393,0.708,0.0422,0.2607,5,01-May-18
Jun,2018,21070271.91,15575529.97,14925401.58,650128.3827,5494741.947,0.7392,0.7084,0.0417,0.2608,6,01-Jun-18
Jul,2018,21077410.02,15587137.97,14936235.71,650902.2632,5490272.052,0.7395,0.7086,0.0418,0.2605,7,01-Jul-18
Aug,2018,21084678.13,15619208.56,14967810.5,651398.06,5465469.573,0.7408,0.7099,0.0417,0.2592,8,01-Aug-18
Sep,2018,21091966.24,15639627.41,14986911.47,652715.944,5452338.828,0.7415,0.7106,0.0417,0.2585,9,01-Sep-18
Oct,2018,21099436.35,15656519.22,15019186.85,637332.3681,5442917.131,0.742,0.7118,0.0407,0.258,10,01-Oct-18
Nov,2019,21106830.46,15728770.72,15099155.99,629614.729,5378059.738,0.7452,0.7154,0.04,0.2548,11,01-Nov-19
Dec,2019,21114174.57,15747132.18,15115781.12,631351.0551,5367042.388,0.7458,0.7159,0.0401,0.2542,12,01-Dec-19
Jan,2019,21121208.67,15743100.43,15125197.53,617902.9012,5378108.245,0.7454,0.7161,0.0392,0.2546,1,01-Jan-19
Feb,2019,21128554.78,15764307.5,15157354.99,606952.5186,5364247.279,0.7461,0.7174,0.0385,0.2539,2,01-Feb-19
Mar,2019,21136005.89,15758980.24,15157211.09,601769.1516,5377025.65,0.7456,0.7171,0.0382,0.2544,3,01-Mar-19
Apr,2019,21143173,15806292.19,15195595.71,610696.4831,5336880.81,0.7476,0.7187,0.0386,0.2524,4,01-Apr-19
May,2019,21150592.11,15797987.45,15188976.03,609011.4227,5352604.658,0.7469,0.7181,0.0385,0.2531,5,01-May-19
Jun,2019,21156667.43,15716270.69,15105293.04,610977.6505,5440396.734,0.7429,0.714,0.0389,0.2571,6,01-Jun-19
Jul,2019,21162659.75,15747752.68,15148060.5,599692.1756,5414907.066,0.7441,0.7158,0.0381,0.2559,7,01-Jul-19
Aug,2019,21168371.06,15771088.64,15183216.53,587872.1105,5397282.424,0.745,0.7173,0.0373,0.255,8,01-Aug-19
Sep,2019,21174071.38,15862034.89,15263938.86,598096.0215,5312036.494,0.7491,0.7209,0.0377,0.2509,9,01-Sep-19
Oct,2019,21180412.7,15885290.57,15283571.39,601719.1736,5295122.131,0.75,0.7216,0.0379,0.25,10,01-Oct-19
Nov,2020,21186260.02,15922317.41,15304817.64,617499.7757,5263942.603,0.7515,0.7224,0.0388,0.2485,11,01-Nov-20
Dec,2020,21192244.33,15968915.86,15346825.94,622089.9229,5223328.47,0.7535,0.7242,0.039,0.2465,12,01-Dec-20
Jan,2020,21183457.65,15934405.2,15297795.08,636610.1173,5249052.451,0.7522,0.7222,0.04,0.2478,1,01-Jan-20
Feb,2020,21171520.97,15863724.4,15220710.22,643014.1891,5307796.564,0.7493,0.7189,0.0405,0.2507,2,01-Feb-20
Mar,2020,21173830.29,15868183.07,15200996.75,667186.3143,5305647.219,0.7494,0.7179,0.042,0.2506,3,01-Mar-20
Apr,2020,21170170.6,15822806.41,15160240.73,662565.6886,5347364.19,0.7474,0.7161,0.0419,0.2526,4,01-Apr-20
May,2020,21193078.92,15854894.96,15170272.03,684622.9337,5338183.959,0.7481,0.7158,0.0432,0.2519,5,01-May-20
Jun,2020,21208811.24,15861230.19,15170995.07,690235.1272,5347581.044,0.7479,0.7153,0.0435,0.2521,6,01-Jun-20
Jul,2020,21217988.55,15889522.58,15148776.39,740746.185,5328465.977,0.7489,0.714,0.0466,0.2511,7,01-Jul-20
Aug,2020,21224519.87,15946827.99,15158144.24,788683.7463,5277691.878,0.7513,0.7142,0.0495,0.2487,8,01-Aug-20
Sep,2020,21224123.18,15946272.3,15144747.98,801524.3204,5277850.88,0.7513,0.7136,0.0503,0.2487,9,01-Sep-20
Oct,2020,21225014.5,15927536.08,15094872.72,832663.3686,5297478.415,0.7504,0.7112,0.0523,0.2496,10,01-Oct-20
Nov,2021,21223430.82,15913460.56,15095689.46,817771.0919,5309970.261,0.7498,0.7113,0.0514,0.2502,11,01-Nov-21
Dec,2021,21229730.13,15961697.04,15159734.73,801962.3129,5268033.091,0.7519,0.7141,0.0502,0.2481,12,01-Dec-21
Jan,2021,21233081.45,15934478.61,15150489.44,783989.1681,5298602.842,0.7505,0.7135,0.0492,0.2495,1,01-Jan-21
Feb,2021,21238359.76,15956377.54,15175782.22,780595.3189,5281982.226,0.7513,0.7145,0.0489,0.2487,2,01-Feb-21
Mar,2021,21249785.08,15941134.03,15156949.85,784184.1794,5308651.047,0.7502,0.7133,0.0492,0.2498,3,01-Mar-21
Apr,2021,21258033.4,15984957.19,15234529.28,750427.9037,5273076.21,0.7519,0.7166,0.0469,0.2481,4,01-Apr-21
May,2021,21287749.71,15994533.66,15263192.36,731341.3026,5293216.048,0.7513,0.717,0.0457,0.2487,5,01-May-21
Jun,2021,21304552.69,16005807.18,15290437.09,715370.0962,5298745.505,0.7513,0.7177,0.0447,0.2487,6,01-Jun-21
Jul,2021,21314933.66,15990347.15,15294175.59,696171.5533,5324586.516,0.7502,0.7175,0.0435,0.2498,7,01-Jul-21
Aug,2021,21324385.64,15980972.06,15298032.35,682939.701,5343413.582,0.7494,0.7174,0.0427,0.2506,8,01-Aug-21
Sep,2021,21321483.61,15965431.51,15308047.28,657384.2341,5356052.103,0.7488,0.718,0.0412,0.2512,9,01-Sep-21
Oct,2021,21319743.59,15987519.92,15326208.03,661311.8903,5332223.674,0.7499,0.7189,0.0414,0.2501,10,01-Oct-21
Nov,2022,21319411.56,15949332.54,15318441.97,630890.5737,5370079.02,0.7481,0.7185,0.0396,0.2519,11,01-Nov-22
Dec,2022,21328116.54,15929541.83,15318209.42,611332.407,5398574.709,0.7469,0.7182,0.0384,0.2531,12,01-Dec-22
Jan,2022,21340422.52,15945667.55,15353111.19,592556.3609,5394754.965,0.7472,0.7194,0.0372,0.2528,1,01-Jan-22
Feb,2022,21347920.49,15995560.6,15366223.63,629336.9722,5352359.889,0.7493,0.7198,0.0393,0.2507,2,01-Feb-22
Mar,2022,21361228.47,16033893.61,15420512.51,613381.0988,5327334.86,0.7506,0.7219,0.0383,0.2494,3,01-Mar-22
Apr,2022,21371474.44,15968480.73,15352038.36,616442.3724,5402993.711,0.7472,0.7183,0.0386,0.2528,4,01-Apr-22
May,2022,21403729.42,15945058.79,15352464,592594.7915,5458670.627,0.745,0.7173,0.0372,0.255,5,01-May-22
Jun,2022,21421260.21,15990171.84,15400922.47,589249.3769,5431088.367,0.7465,0.719,0.0369,0.2535,6,01-Jun-22
Jul,2022,21433591,15984431.39,15382616.69,601814.7028,5449159.605,0.7458,0.7177,0.0377,0.2542,7,01-Jul-22
Aug,2022,21439659,15992527.31,15388889.09,603638.2188,5447131.692,0.7459,0.7178,0.0377,0.2541,8,01-Aug-22
Sep,2022,21445410,16026004.88,15425491.43,600513.4453,5419405.124,0.7473,0.7193,0.0375,0.2527,9,01-Sep-22
Oct,2022,21451363,16038363.74,15419395.65,618968.0873,5412999.265,0.7477,0.7188,0.0386,0.2523,10,01-Oct-22
Nov,2023,21457800,16023017.64,15412802.26,610215.3811,5434782.356,0.7467,0.7183,0.0381,0.2533,11,01-Nov-23
Dec,2023,21463395,16048631.51,15425628.16,623003.3451,5414763.49,0.7477,0.7187,0.0388,0.2523,12,01-Dec-23
Jan,2023,21469064,16018773.33,15408342.59,610430.7399,5450290.669,0.7461,0.7177,0.0381,0.2539,1,01-Jan-23
Feb,2023,21475358,16060907.04,15457969.09,602937.9441,5414450.963,0.7479,0.7198,0.0375,0.2521,2,01-Feb-23
Mar,2023,21481354,16061216.36,15463982.19,597234.1683,5420137.64,0.7477,0.7199,0.0372,0.2523,3,01-Mar-23
Apr,2023,21487078,16066177.13,15417434.37,648742.7546,5420900.871,0.7477,0.7175,0.0404,0.2523,4,01-Apr-23
May,2023,21492993,16091923.17,15447134.77,644788.4017,5401069.825,0.7487,0.7187,0.0401,0.2513,5,01-May-23
Jun,2023,21499024,16090067,15455708.27,634358.7335,5408956.998,0.7484,0.7189,0.0394,0.2516,6,01-Jun-23
Jul,2023,21505191,16071371.94,15459873.98,611497.9608,5433819.057,0.7473,0.7189,0.038,0.2527,7,01-Jul-23
Aug,2023,21511432,16125632.05,15524816.07,600815.9759,5385799.954,0.7496,0.7217,0.0373,0.2504,8,01-Aug-23
Sep,2023,21517228,16105784.93,15510896.62,594888.3115,5411443.071,0.7485,0.7209,0.0369,0.2515,9,01-Sep-23
Oct,2023,21523339,16083274.82,15507957.29,575317.5341,5440064.177,0.7472,0.7205,0.0358,0.2528,10,01-Oct-23
Nov,2024,21529834,16077003.23,15462327.29,614675.9466,5452830.767,0.7467,0.7182,0.0382,0.2533,11,01-Nov-24
Dec,2024,21535639,16054929.25,15412042.42,642886.8331,5480709.751,0.7455,0.7157,0.04,0.2545,12,01-Dec-24
Jan,2024,21541516,16085491.39,15417051.62,668439.7609,5456024.614,0.7467,0.7157,0.0416,0.2533,1,01-Jan-24
Feb,2024,21547749,16059793.27,15417913.46,641879.8101,5487955.733,0.7453,0.7155,0.04,0.2547,2,01-Feb-24
Mar,2024,21553928,16122270.96,15462471.02,659799.9386,5431657.045,0.748,0.7174,0.0409,0.252,3,01-Mar-24
